customer_id,order_date,revenue
C00001,2025-01-05,1760.85
C00001,2025-02-27,2282.76
C00001,2025-03-02,3665.91
C00001,2025-04-03,1904.49
C00001,2025-05-03,2338.87
C00001,2025-06-19,758.07
C00001,2025-07-21,2457.09
C00001,2025-08-19,1767.72
C00002,2025-01-02,2359.66
C00002,2025-02-14,833.74
C00002,2025-03-10,2372.95
C00003,2025-01-04,2451.92
C00004,2025-01-12,660.49
C00005,2025-01-19,520.52
C00005,2025-02-22,2267.36
C00006,2025-01-15,2466.58
C00007,2025-01-10,1219.18
C00007,2025-02-25,1203.16
C00008,2025-01-17,2131.93
C00008,2025-02-15,1365.37
C00009,2025-01-04,2194.15
C00009,2025-02-11,862.34
C00010,2025-01-02,3859.47
C00010,2025-02-18,2420.2
C00011,2025-01-11,1558.45
C00011,2025-02-16,2445.61
C00012,2025-01-27,646.31
C00012,2025-02-23,2757.36
C00012,2025-03-23,1445.55
C00013,2025-01-22,3341.12
C00013,2025-02-13,3582.05
C00013,2025-03-15,1615.22
C00014,2025-01-16,518.13
C00015,2025-01-05,3031.94
C00015,2025-02-28,2137.07
C00015,2025-03-13,2332.93
C00016,2025-01-27,1892.93
C00017,2025-01-23,1836.6
C00017,2025-02-13,3843.61
C00017,2025-03-06,859.8
C00018,2025-01-01,2094.36
C00019,2025-01-09,1343.14
C00019,2025-02-18,1666.24
C00020,2025-01-05,2854.83
C00021,2025-01-20,2723.38
C00022,2025-01-15,3628.27
C00023,2025-01-28,2818.13
C00024,2025-01-13,1776.22
C00024,2025-02-21,1781.64
C00024,2025-03-07,1930.32
C00024,2025-04-20,494.53
C00024,2025-05-05,2285.49
C00025,2025-01-20,394.35
C00026,2025-01-20,1692.05
C00027,2025-01-12,2528.43
C00028,2025-01-04,3441.07
C00029,2025-01-15,2077.46
C00029,2025-02-05,678.09
C00029,2025-03-09,2070.9
C00030,2025-01-17,385.45
C00031,2025-01-17,1638.48
C00032,2025-01-01,3105.13
C00032,2025-02-21,3494.3
C00033,2025-01-09,2218.07
C00034,2025-01-12,3156.17
C00035,2025-01-25,2159.98
C00036,2025-01-20,3302.59
C00037,2025-01-28,1022.04
C00037,2025-02-13,3037.53
C00037,2025-03-17,2123.29
C00038,2025-01-01,3223.42
C00039,2025-01-07,2862.33
C00040,2025-01-15,3291.69
C00041,2025-01-12,3833.5
C00041,2025-02-08,677.98
C00042,2025-01-11,1056.18
C00043,2025-01-20,3409.61
C00044,2025-01-21,1572.83
C00045,2025-01-27,2744.17
C00046,2025-01-26,2932.52
C00046,2025-02-06,1905.52
C00047,2025-01-03,3263.05
C00048,2025-01-13,2013.69
C00049,2025-01-03,2981.76
C00049,2025-02-05,401.93
C00050,2025-01-15,3284.06
C00050,2025-02-27,2504.72
C00051,2025-01-12,876.88
C00052,2025-01-01,352.7
C00053,2025-01-21,680.26
C00054,2025-01-05,1905.09
C00055,2025-01-27,3533.46
C00055,2025-02-07,1383.98
C00055,2025-03-19,1506.16
C00056,2025-01-27,784.97
C00057,2025-01-12,3621.5
C00058,2025-01-27,3645.9
C00059,2025-01-17,783.82
C00059,2025-02-17,369.21
C00060,2025-01-06,2551.65
C00061,2025-01-05,937.68
C00062,2025-01-24,745.25
C00062,2025-02-22,2217.89
C00063,2025-01-26,3173.01
C00064,2025-01-02,1219.43
C00064,2025-02-25,661.66
C00065,2025-01-01,3111.97
C00066,2025-01-15,1504.77
C00067,2025-01-20,2195.0
C00068,2025-01-15,2180.18
C00069,2025-01-17,3783.55
C00070,2025-01-09,3714.3
C00071,2025-01-07,3408.0
C00071,2025-02-04,1751.75
C00071,2025-03-22,1190.36
C00071,2025-04-22,1420.29
C00071,2025-05-25,871.45
C00072,2025-01-22,1654.88
C00072,2025-02-05,3879.92
C00072,2025-03-04,1773.55
C00073,2025-01-22,3380.05
C00073,2025-02-14,3978.07
C00073,2025-03-14,1024.26
C00073,2025-04-24,1654.02
C00073,2025-05-15,1929.69
C00073,2025-06-11,2214.51
C00073,2025-07-03,717.54
C00074,2025-01-08,3895.28
C00074,2025-02-09,1306.11
C00075,2025-01-06,1300.65
C00075,2025-02-14,3443.47
C00076,2025-01-09,1802.01
C00077,2025-01-17,2411.2
C00078,2025-01-03,1332.53
C00079,2025-01-06,1873.67
C00079,2025-02-01,2647.43
C00080,2025-01-03,2550.26
C00080,2025-02-09,3492.27
C00081,2025-01-11,3978.93
C00081,2025-02-09,2600.3
C00081,2025-03-23,1182.21
C00081,2025-04-06,1269.01
C00081,2025-05-10,2626.08
C00082,2025-01-07,1372.86
C00083,2025-01-06,1300.93
C00084,2025-01-09,436.71
C00084,2025-02-17,2338.88
C00084,2025-03-16,1209.01
C00085,2025-01-22,3330.0
C00086,2025-01-16,2319.85
C00087,2025-01-17,1438.8
C00087,2025-02-08,1568.01
C00088,2025-01-23,2996.72
C00088,2025-02-12,3932.96
C00089,2025-01-01,561.67
C00090,2025-01-09,1893.74
C00090,2025-02-22,3412.7
C00091,2025-01-22,3892.44
C00092,2025-01-23,1384.32
C00093,2025-01-06,1295.44
C00093,2025-02-12,3858.61
C00094,2025-01-18,1497.08
C00094,2025-02-10,1106.1
C00094,2025-03-11,1712.02
C00095,2025-01-17,2727.27
C00095,2025-02-25,318.32
C00095,2025-03-03,832.3
C00096,2025-01-13,383.23
C00096,2025-02-08,612.59
C00097,2025-01-28,3077.0
C00098,2025-01-23,3200.95
C00099,2025-01-25,1506.7
C00100,2025-01-05,1351.45
C00101,2025-01-05,462.02
C00102,2025-01-17,2621.13
C00103,2025-01-26,2170.5
C00104,2025-01-25,2166.17
C00105,2025-01-26,359.5
C00106,2025-01-26,3603.47
C00107,2025-01-23,2678.69
C00107,2025-02-02,792.44
C00107,2025-03-04,1693.49
C00108,2025-01-02,2622.74
C00109,2025-01-22,1204.87
C00109,2025-02-15,3251.48
C00110,2025-01-17,3622.07
C00110,2025-02-17,544.39
C00111,2025-02-26,575.46
C00111,2025-03-24,3098.83
C00111,2025-04-21,3910.22
C00112,2025-02-13,583.94
C00113,2025-02-10,3137.79
C00114,2025-02-21,1033.67
C00115,2025-02-11,1239.58
C00116,2025-02-10,2598.26
C00116,2025-03-16,524.45
C00116,2025-04-22,668.22
C00116,2025-05-16,1376.17
C00117,2025-02-15,2023.82
C00118,2025-02-18,1037.23
C00119,2025-02-16,364.77
C00120,2025-02-27,2174.49
C00121,2025-02-09,1731.34
C00122,2025-02-07,576.07
C00122,2025-03-24,2239.04
C00123,2025-02-05,2532.45
C00124,2025-02-09,3581.39
C00125,2025-02-08,2142.19
C00126,2025-02-13,391.89
C00126,2025-03-16,2821.88
C00127,2025-02-24,820.62
C00127,2025-03-11,747.36
C00127,2025-04-11,3077.72
C00128,2025-02-04,3777.56
C00128,2025-03-01,3635.8
C00128,2025-04-12,540.42
C00128,2025-05-28,2479.95
C00128,2025-06-14,3095.93
C00129,2025-02-09,676.33
C00130,2025-02-10,2649.36
C00130,2025-03-09,1914.09
C00130,2025-04-25,1681.39
C00131,2025-02-01,3304.26
C00132,2025-02-18,2332.14
C00133,2025-02-02,3753.82
C00134,2025-02-20,3084.87
C00135,2025-02-10,2096.63
C00136,2025-02-18,771.05
C00137,2025-02-11,1342.46
C00137,2025-03-24,3912.3
C00137,2025-04-21,1183.06
C00138,2025-02-22,1759.16
C00138,2025-03-06,578.13
C00139,2025-02-26,2139.18
C00139,2025-03-11,3986.96
C00140,2025-02-05,2326.81
C00140,2025-03-06,1565.23
C00140,2025-04-08,1662.73
C00141,2025-02-07,3582.83
C00142,2025-02-14,1716.5
C00143,2025-02-07,1694.4
C00143,2025-03-02,2143.14
C00144,2025-02-12,765.73
C00145,2025-02-21,3224.15
C00146,2025-02-03,1302.78
C00146,2025-03-13,2689.43
C00147,2025-02-10,3440.13
C00148,2025-02-01,770.81
C00149,2025-02-25,3614.08
C00150,2025-02-19,2112.35
C00150,2025-03-27,2253.09
C00151,2025-02-15,1219.32
C00151,2025-03-05,862.65
C00152,2025-02-04,3783.52
C00153,2025-02-21,3432.08
C00154,2025-02-03,2340.55
C00154,2025-03-26,764.91
C00155,2025-02-02,2688.37
C00155,2025-03-05,2617.95
C00156,2025-02-14,2884.75
C00156,2025-03-03,1411.29
C00157,2025-02-07,1735.9
C00157,2025-03-20,304.26
C00158,2025-02-15,1330.83
C00158,2025-03-27,3569.96
C00159,2025-02-08,2323.91
C00159,2025-03-14,2907.22
C00159,2025-04-01,1018.23
C00160,2025-02-21,1854.06
C00160,2025-03-22,1869.99
C00160,2025-04-16,426.16
C00160,2025-05-14,1640.58
C00160,2025-06-01,3249.14
C00161,2025-02-17,549.5
C00162,2025-02-07,1453.35
C00163,2025-02-08,2020.92
C00163,2025-03-10,703.33
C00164,2025-02-20,993.06
C00164,2025-03-14,3668.47
C00164,2025-04-20,841.62
C00164,2025-05-07,387.43
C00165,2025-02-14,491.81
C00165,2025-03-13,1963.68
C00166,2025-02-11,3011.08
C00167,2025-02-06,1518.2
C00167,2025-03-17,3061.34
C00167,2025-04-22,2983.9
C00168,2025-02-11,1937.01
C00168,2025-03-03,1335.28
C00168,2025-04-04,2376.18
C00169,2025-02-13,1619.53
C00170,2025-02-27,3274.56
C00170,2025-03-23,2051.82
C00170,2025-04-15,1014.2
C00170,2025-05-16,412.04
C00171,2025-02-26,2614.01
C00172,2025-02-13,428.96
C00172,2025-03-02,1250.96
C00173,2025-02-20,1554.56
C00173,2025-03-20,461.27
C00174,2025-02-23,1470.99
C00174,2025-03-01,2969.82
C00175,2025-02-26,2645.73
C00176,2025-02-01,3356.27
C00176,2025-03-23,3840.08
C00177,2025-02-13,3222.26
C00178,2025-02-27,2125.85
C00179,2025-02-06,332.21
C00180,2025-02-10,3344.19
C00181,2025-02-20,1173.73
C00182,2025-02-15,1638.88
C00183,2025-02-03,2193.97
C00183,2025-03-06,1215.04
C00183,2025-04-02,2082.25
C00184,2025-02-06,3926.95
C00185,2025-02-03,1280.1
C00185,2025-03-04,1857.92
C00186,2025-02-15,940.81
C00186,2025-03-15,2595.14
C00187,2025-02-24,2292.69
C00188,2025-02-25,748.31
C00189,2025-02-10,1333.77
C00189,2025-03-09,3030.85
C00189,2025-04-08,987.22
C00189,2025-05-10,3571.42
C00190,2025-02-11,539.78
C00190,2025-03-08,2177.1
C00190,2025-04-26,672.01
C00191,2025-02-02,678.63
C00192,2025-02-27,1155.12
C00193,2025-02-12,449.34
C00193,2025-03-04,486.45
C00194,2025-02-27,2457.82
C00195,2025-02-12,2196.88
C00195,2025-03-20,1261.81
C00196,2025-02-01,691.39
C00197,2025-02-20,1593.89
C00197,2025-03-11,823.07
C00197,2025-04-09,441.47
C00198,2025-02-07,3314.55
C00199,2025-02-14,2809.78
C00199,2025-03-10,588.36
C00199,2025-04-16,2327.77
C00199,2025-05-04,3244.62
C00200,2025-02-05,2664.97
C00200,2025-03-06,1771.76
C00200,2025-04-10,2770.9
C00201,2025-02-02,1455.74
C00202,2025-02-12,1832.1
C00202,2025-03-25,3987.5
C00202,2025-04-07,1745.71
C00203,2025-02-01,1906.41
C00203,2025-03-04,3335.36
C00204,2025-02-12,2005.35
C00204,2025-03-01,491.27
C00204,2025-04-26,3666.24
C00204,2025-05-20,3730.74
C00205,2025-02-06,839.78
C00205,2025-03-17,935.61
C00205,2025-04-13,2114.89
C00206,2025-02-26,1030.16
C00206,2025-03-02,3909.52
C00207,2025-02-02,2548.29
C00208,2025-02-03,3645.62
C00209,2025-02-27,3597.21
C00210,2025-02-28,1121.68
C00211,2025-02-28,1025.62
C00212,2025-02-19,1107.11
C00212,2025-03-17,878.97
C00212,2025-04-05,1214.12
C00213,2025-02-07,452.07
C00214,2025-02-25,2787.34
C00215,2025-02-11,735.6
C00216,2025-02-18,3441.34
C00217,2025-03-14,1440.38
C00217,2025-04-13,2737.72
C00218,2025-03-15,961.43
C00218,2025-04-16,2021.51
C00219,2025-03-20,3185.91
C00220,2025-03-06,3298.96
C00221,2025-03-03,775.29
C00222,2025-03-03,3268.44
C00223,2025-03-22,450.84
C00224,2025-03-03,3711.87
C00224,2025-04-24,2192.48
C00224,2025-05-17,3611.01
C00225,2025-03-26,803.89
C00226,2025-03-20,3008.71
C00227,2025-03-07,786.98
C00228,2025-03-10,3839.57
C00229,2025-03-06,2838.7
C00230,2025-03-08,542.41
C00230,2025-04-25,1233.22
C00230,2025-05-20,1317.47
C00231,2025-03-05,1240.4
C00232,2025-03-16,1070.8
C00232,2025-04-17,1178.38
C00232,2025-05-07,973.76
C00232,2025-06-09,2814.82
C00233,2025-03-06,3230.86
C00233,2025-04-25,2263.67
C00234,2025-03-12,3874.77
C00235,2025-03-17,2446.16
C00236,2025-03-04,1232.52
C00237,2025-03-28,1758.75
C00238,2025-03-09,1690.24
C00238,2025-04-05,1632.93
C00239,2025-03-15,1151.18
C00240,2025-03-02,1396.62
C00241,2025-03-10,2665.18
C00242,2025-03-19,3735.3
C00243,2025-03-24,306.63
C00243,2025-04-05,1376.59
C00244,2025-03-14,2196.91
C00245,2025-03-05,2107.06
C00246,2025-03-02,382.47
C00246,2025-04-12,1423.83
C00247,2025-03-18,1129.76
C00248,2025-03-19,794.79
C00248,2025-04-27,2057.14
C00248,2025-05-26,1201.28
C00248,2025-06-04,535.57
C00248,2025-07-22,3193.98
C00249,2025-03-09,3878.4
C00249,2025-04-27,2380.63
C00249,2025-05-21,2440.35
C00250,2025-03-17,3014.03
C00250,2025-04-01,462.81
C00251,2025-03-13,986.93
C00251,2025-04-25,688.2
C00252,2025-03-22,3781.41
C00252,2025-04-07,2217.55
C00253,2025-03-21,2673.81
C00254,2025-03-06,2181.73
C00254,2025-04-21,479.42
C00255,2025-03-26,2068.32
C00256,2025-03-13,3424.4
C00257,2025-03-15,597.77
C00258,2025-03-06,1136.01
C00258,2025-04-08,2682.87
C00258,2025-05-24,3723.16
C00259,2025-03-09,2933.23
C00259,2025-04-18,2813.17
C00260,2025-03-17,3896.0
C00260,2025-04-07,616.06
C00261,2025-03-06,1263.36
C00261,2025-04-24,1050.27
C00261,2025-05-11,1010.17
C00262,2025-03-20,1184.92
C00263,2025-03-21,3710.21
C00264,2025-03-27,3922.35
C00265,2025-03-27,2263.29
C00265,2025-04-01,1917.69
C00266,2025-03-19,3573.61
C00267,2025-03-13,2603.7
C00267,2025-04-06,835.0
C00267,2025-05-04,2601.29
C00267,2025-06-05,2892.74
C00267,2025-07-05,2862.71
C00268,2025-03-23,550.96
C00268,2025-04-28,2484.75
C00268,2025-05-27,3831.91
C00269,2025-03-22,544.01
C00270,2025-03-23,3794.01
C00270,2025-04-07,1051.69
C00270,2025-05-28,3671.11
C00271,2025-03-03,3352.72
C00272,2025-03-10,2065.33
C00272,2025-04-26,3102.25
C00272,2025-05-11,1545.11
C00272,2025-06-12,1249.8
C00272,2025-07-23,3111.45
C00273,2025-03-25,3866.8
C00274,2025-03-28,1364.3
C00275,2025-03-26,1827.81
C00276,2025-03-25,663.71
C00277,2025-03-02,2290.16
C00277,2025-04-28,3362.97
C00278,2025-03-10,930.37
C00278,2025-04-07,1366.84
C00279,2025-03-02,316.14
C00280,2025-03-16,2872.27
C00281,2025-03-16,2492.45
C00282,2025-03-17,1264.13
C00283,2025-03-10,3316.39
C00284,2025-03-08,2143.77
C00284,2025-04-21,3137.2
C00285,2025-03-23,2376.64
C00285,2025-04-11,1615.78
C00286,2025-03-13,3599.81
C00287,2025-03-14,3587.26
C00287,2025-04-07,1421.62
C00288,2025-03-18,2154.4
C00288,2025-04-21,1164.23
C00289,2025-03-18,2498.13
C00290,2025-03-20,2691.31
C00290,2025-04-11,2230.41
C00291,2025-03-15,2749.77
C00292,2025-03-06,2013.68
C00293,2025-03-09,2442.93
C00293,2025-04-15,2677.99
C00294,2025-03-17,1008.82
C00294,2025-04-23,3358.14
C00295,2025-03-24,877.15
C00295,2025-04-11,2530.71
C00295,2025-05-08,1513.88
C00295,2025-06-24,3981.22
C00295,2025-07-22,676.06
C00296,2025-03-05,3241.08
C00297,2025-03-14,1313.14
C00297,2025-04-04,1338.98
C00298,2025-03-15,425.55
C00299,2025-03-26,1915.15
C00299,2025-04-21,1395.99
C00299,2025-05-09,2533.72
C00300,2025-03-24,1196.45
C00301,2025-03-23,2423.72
C00302,2025-03-14,3430.18
C00303,2025-03-21,3556.29
C00304,2025-03-23,2459.92
C00304,2025-04-06,2673.69
C00305,2025-03-11,1261.29
C00306,2025-03-14,1196.87
C00307,2025-03-23,2629.57
C00307,2025-04-14,2086.15
C00307,2025-05-28,1814.58
C00308,2025-03-28,977.33
C00309,2025-03-25,339.34
C00310,2025-03-04,441.14
C00311,2025-03-06,2950.0
C00312,2025-03-07,2221.11
C00312,2025-04-19,1990.1
C00312,2025-05-16,2195.11
C00313,2025-03-27,1668.68
C00313,2025-04-24,3807.5
C00313,2025-05-22,980.07
C00314,2025-03-04,2997.69
C00315,2025-03-21,509.49
C00315,2025-04-13,527.56
C00315,2025-05-14,2625.69
C00316,2025-03-19,1281.08
C00316,2025-04-24,1781.77
C00317,2025-03-08,3978.65
C00318,2025-03-15,1084.45
C00318,2025-04-25,554.91
C00319,2025-03-07,2035.89
C00320,2025-03-08,3314.17
C00320,2025-04-22,2663.55
C00321,2025-03-27,1829.16
C00322,2025-03-25,2328.59
C00322,2025-04-27,2036.79
C00323,2025-03-08,1289.47
C00323,2025-04-09,3936.7
C00324,2025-03-16,309.97
C00325,2025-03-09,1624.52
C00326,2025-03-11,2074.34
C00327,2025-03-21,616.06
C00328,2025-03-05,3736.29
C00329,2025-03-02,615.54
C00330,2025-03-11,3200.94
C00330,2025-04-27,1577.06
C00331,2025-03-22,342.47
C00332,2025-03-21,1384.07
C00333,2025-03-19,828.11
C00333,2025-04-25,1972.25
C00334,2025-03-07,3645.12
C00335,2025-03-06,2555.2
C00336,2025-03-26,634.5
C00337,2025-03-18,3215.87
C00338,2025-03-07,2129.51
C00338,2025-04-03,3045.07
C00339,2025-03-04,2353.74
C00339,2025-04-08,3360.1
C00340,2025-03-18,516.28
C00341,2025-03-05,2891.56
C00341,2025-04-06,2296.31
C00342,2025-03-01,893.32
C00342,2025-04-23,2381.51
C00343,2025-03-27,2023.32
C00344,2025-03-22,578.97
C00345,2025-03-21,2692.13
C00345,2025-04-02,2825.58
C00346,2025-03-11,3291.82
C00346,2025-04-16,2093.3
C00347,2025-03-02,1089.44
C00348,2025-04-11,649.52
C00349,2025-04-11,2055.77
C00350,2025-04-25,3675.63
C00350,2025-05-11,1862.84
C00351,2025-04-27,1369.85
C00351,2025-05-16,1793.8
C00352,2025-04-09,3529.97
C00352,2025-05-07,2721.87
C00353,2025-04-11,1011.54
C00354,2025-04-05,2469.87
C00355,2025-04-26,3987.04
C00356,2025-04-18,3576.72
C00357,2025-04-02,1774.38
C00357,2025-05-02,1002.78
C00358,2025-04-20,3134.14
C00358,2025-05-17,3666.34
C00359,2025-04-20,844.09
C00360,2025-04-23,2506.34
C00361,2025-04-07,446.05
C00362,2025-04-21,3121.9
C00362,2025-05-06,3516.06
C00363,2025-04-04,3682.11
C00364,2025-04-12,3526.11
C00364,2025-05-10,2379.78
C00364,2025-06-10,983.67
C00364,2025-07-01,1893.5
C00365,2025-04-02,2141.73
C00366,2025-04-27,739.73
C00367,2025-04-19,2874.13
C00368,2025-04-03,352.28
C00369,2025-04-19,3974.57
C00370,2025-04-05,2059.16
C00371,2025-04-04,606.82
C00372,2025-04-05,2619.51
C00373,2025-04-01,2829.92
C00373,2025-05-28,626.12
C00374,2025-04-05,2047.63
C00374,2025-05-19,1196.4
C00375,2025-04-06,3714.37
C00376,2025-04-24,2940.14
C00377,2025-04-24,3109.59
C00377,2025-05-18,2924.17
C00378,2025-04-09,3680.03
C00378,2025-05-02,342.18
C00378,2025-06-21,2840.57
C00379,2025-04-13,1450.93
C00380,2025-04-06,3843.49
C00381,2025-04-20,521.18
C00382,2025-04-19,2992.74
C00383,2025-04-06,836.15
C00384,2025-04-12,3829.4
C00384,2025-05-26,1846.47
C00385,2025-04-26,1975.2
C00385,2025-05-25,2397.22
C00385,2025-06-02,2600.84
C00386,2025-04-26,3361.41
C00386,2025-05-20,2985.12
C00386,2025-06-05,2524.21
C00386,2025-07-14,3912.63
C00386,2025-08-13,2833.84
C00387,2025-04-08,3287.68
C00387,2025-05-01,1489.65
C00387,2025-06-06,2470.58
C00388,2025-04-26,456.5
C00389,2025-04-26,3595.27
C00390,2025-04-05,1313.24
C00391,2025-04-26,2327.04
C00392,2025-04-16,1583.36
C00392,2025-05-18,2093.62
C00393,2025-04-26,3075.68
C00394,2025-04-08,1445.04
C00394,2025-05-13,2021.69
C00394,2025-06-09,2469.64
C00394,2025-07-13,2000.95
C00394,2025-08-26,1613.89
C00394,2025-09-13,2444.48
C00395,2025-04-27,2230.88
C00396,2025-04-19,1046.92
C00396,2025-05-03,968.57
C00397,2025-04-12,2438.1
C00397,2025-05-25,2213.7
C00397,2025-06-02,3713.69
C00398,2025-04-28,692.64
C00399,2025-04-26,602.44
C00399,2025-05-01,1576.21
C00400,2025-04-01,648.11
C00400,2025-05-28,3504.51
C00401,2025-04-19,1090.26
C00402,2025-04-09,1876.01
C00403,2025-04-25,2494.54
C00404,2025-04-05,1239.78
C00404,2025-05-07,3980.07
C00405,2025-04-01,488.69
C00406,2025-04-28,2910.61
C00407,2025-04-28,3666.7
C00407,2025-05-20,2667.42
C00408,2025-04-23,3849.4
C00408,2025-05-19,1162.87
C00408,2025-06-22,2174.05
C00408,2025-07-28,891.0
C00409,2025-04-24,1120.37
C00409,2025-05-09,3782.32
C00409,2025-06-18,3646.92
C00410,2025-04-02,1254.24
C00411,2025-04-24,2692.74
C00412,2025-04-02,673.91
C00412,2025-05-01,3775.71
C00413,2025-04-10,2482.21
C00414,2025-04-21,690.05
C00414,2025-05-09,1743.18
C00415,2025-04-13,923.74
C00415,2025-05-05,3682.9
C00416,2025-04-15,2953.74
C00416,2025-05-02,880.74
C00417,2025-04-03,3755.71
C00418,2025-04-24,817.12
C00419,2025-04-04,3725.98
C00420,2025-04-01,2624.97
C00421,2025-04-11,1493.49
C00421,2025-05-04,2624.28
C00421,2025-06-08,3023.43
C00421,2025-07-15,2347.48
C00421,2025-08-28,852.75
C00422,2025-04-08,876.04
C00422,2025-05-27,1397.24
C00423,2025-04-09,2116.73
C00423,2025-05-16,722.42
C00424,2025-04-02,2634.7
C00425,2025-04-07,2371.79
C00426,2025-04-04,1253.83
C00426,2025-05-12,1898.62
C00426,2025-06-08,3722.8
C00426,2025-07-10,1837.85
C00426,2025-08-27,2987.95
C00426,2025-09-21,359.31
C00427,2025-04-11,2189.9
C00428,2025-04-26,3379.31
C00429,2025-04-06,1632.37
C00429,2025-05-14,1107.58
C00430,2025-04-05,3420.47
C00431,2025-04-08,2932.99
C00431,2025-05-03,3367.19
C00432,2025-04-24,2133.28
C00432,2025-05-07,807.05
C00433,2025-04-21,3302.86
C00434,2025-04-07,337.13
C00435,2025-04-17,1810.06
C00436,2025-04-02,2218.3
C00436,2025-05-10,3415.06
C00437,2025-04-16,634.22
C00438,2025-04-25,2063.47
C00439,2025-04-09,1218.86
C00440,2025-04-12,435.68
C00441,2025-04-19,2501.11
C00441,2025-05-17,3748.84
C00442,2025-04-03,746.86
C00443,2025-04-27,3371.17
C00444,2025-04-25,2931.39
C00445,2025-04-25,3622.76
C00445,2025-05-04,3829.99
C00446,2025-05-01,2262.89
C00447,2025-05-01,1201.09
C00447,2025-06-20,974.86
C00447,2025-07-09,2354.83
C00448,2025-05-01,656.94
C00449,2025-05-07,1267.25
C00450,2025-05-21,2432.99
C00451,2025-05-23,1943.59
C00452,2025-05-04,2953.26
C00452,2025-06-04,2019.93
C00453,2025-05-25,1334.6
C00453,2025-06-13,3572.42
C00454,2025-05-08,3486.03
C00454,2025-06-19,2009.6
C00455,2025-05-27,368.48
C00456,2025-05-23,1855.79
C00457,2025-05-17,433.97
C00458,2025-05-02,3174.56
C00458,2025-06-08,3402.7
C00459,2025-05-27,3930.52
C00460,2025-05-11,3315.66
C00461,2025-05-02,1502.06
C00461,2025-06-22,3757.03
C00461,2025-07-14,2753.54
C00461,2025-08-04,2263.95
C00461,2025-09-14,1042.9
C00462,2025-05-08,815.8
C00463,2025-05-25,3990.77
C00464,2025-05-02,3294.29
C00465,2025-05-02,427.18
C00466,2025-05-09,3696.34
C00467,2025-05-21,2306.34
C00468,2025-05-20,671.87
C00468,2025-06-01,1904.66
C00469,2025-05-10,718.26
C00470,2025-05-06,745.41
C00471,2025-05-17,3635.26
C00471,2025-06-19,2275.18
C00471,2025-07-04,2193.04
C00472,2025-05-14,2436.18
C00472,2025-06-24,625.03
C00473,2025-05-27,1980.32
C00474,2025-05-08,2706.32
C00474,2025-06-23,1657.21
C00475,2025-05-10,2567.36
C00476,2025-05-10,414.56
C00476,2025-06-07,2196.06
C00477,2025-05-19,1766.88
C00478,2025-05-06,3488.9
C00478,2025-06-18,1504.27
C00478,2025-07-07,1393.37
C00479,2025-05-06,2339.18
C00480,2025-05-12,1927.95
C00480,2025-06-13,3387.02
C00481,2025-05-25,704.2
C00481,2025-06-22,3032.96
C00481,2025-07-11,2772.5
C00481,2025-08-07,2580.3
C00482,2025-05-27,3404.18
C00482,2025-06-28,3050.13
C00483,2025-05-16,1294.13
C00484,2025-05-21,3684.41
C00484,2025-06-28,682.42
C00485,2025-05-18,2467.59
C00486,2025-05-19,853.64
C00487,2025-05-09,3529.22
C00488,2025-05-13,3451.24
C00489,2025-05-10,2975.32
C00489,2025-06-13,2246.65
C00490,2025-05-21,1491.38
C00491,2025-05-28,3961.99
C00492,2025-05-10,981.58
C00492,2025-06-05,1911.89
C00493,2025-05-08,625.34
C00494,2025-05-11,3885.11
C00495,2025-05-08,3847.42
C00495,2025-06-14,3597.64
C00496,2025-05-01,475.54
C00497,2025-05-16,1409.33
C00498,2025-05-10,2292.45
C00499,2025-05-17,3355.0
C00500,2025-05-14,1741.22
C00501,2025-05-20,2802.04
C00502,2025-05-01,2802.97
C00503,2025-05-04,1815.22
C00504,2025-05-21,2376.95
C00505,2025-05-07,3868.54
C00506,2025-05-15,3139.11
C00507,2025-05-19,1570.13
C00508,2025-05-27,641.3
C00509,2025-05-12,3920.18
C00510,2025-05-17,949.67
C00511,2025-05-10,2852.58
C00512,2025-05-17,3586.13
C00513,2025-05-06,2239.01
C00514,2025-05-07,2168.08
C00514,2025-06-06,522.63
C00515,2025-05-04,1606.78
C00516,2025-05-21,2974.6
C00517,2025-05-01,3214.25
C00517,2025-06-23,2345.85
C00518,2025-05-13,3415.98
C00519,2025-05-22,409.27
C00519,2025-06-25,2347.02
C00519,2025-07-21,3613.59
C00520,2025-05-05,2425.53
C00521,2025-05-04,837.81
C00522,2025-05-17,694.59
C00522,2025-06-06,3806.99
C00523,2025-05-15,2568.12
C00524,2025-05-02,2705.37
C00525,2025-05-19,1494.44
C00526,2025-05-12,1319.16
C00526,2025-06-21,667.99
C00527,2025-05-19,533.18
C00527,2025-06-20,1726.93
C00527,2025-07-13,2455.85
C00528,2025-05-15,501.96
C00528,2025-06-08,462.72
C00529,2025-05-28,942.07
C00529,2025-06-28,3318.83
C00529,2025-07-20,1232.28
C00530,2025-05-03,1198.83
C00531,2025-05-23,2463.83
C00532,2025-05-13,3538.64
C00533,2025-05-26,3512.39
C00533,2025-06-06,1626.07
C00533,2025-07-10,1765.3
C00534,2025-05-11,2274.88
C00535,2025-05-13,2709.74
C00536,2025-05-14,3355.55
C00537,2025-05-08,1733.25
C00538,2025-05-12,1177.55
C00538,2025-06-22,393.55
C00539,2025-05-08,2911.72
C00539,2025-06-09,2316.01
C00540,2025-05-18,1940.24
C00541,2025-05-26,1188.68
C00542,2025-05-07,2973.13
C00543,2025-05-19,1069.82
C00544,2025-05-17,1056.45
C00545,2025-05-22,784.5
C00546,2025-05-09,2505.03
C00547,2025-05-12,2278.25
C00548,2025-05-17,1086.41
C00549,2025-05-04,2808.06
C00549,2025-06-28,1300.51
C00550,2025-05-13,406.25
C00551,2025-05-05,1449.92
C00552,2025-05-03,2870.25
C00553,2025-05-08,1487.84
C00554,2025-05-04,551.9
C00555,2025-05-26,2151.35
C00555,2025-06-03,2959.26
C00555,2025-07-10,766.69
C00556,2025-05-10,1616.82
C00557,2025-05-15,3167.49
C00558,2025-05-28,3493.46
C00559,2025-05-06,409.42
C00560,2025-05-22,2856.53
C00561,2025-05-01,2738.54
C00562,2025-05-08,3999.78
C00563,2025-05-21,661.48
C00563,2025-06-09,3676.94
C00564,2025-05-23,2806.45
C00565,2025-05-20,899.45
C00565,2025-06-10,877.9
C00566,2025-05-18,1450.39
C00567,2025-05-06,2388.83
C00567,2025-06-16,2951.55
C00567,2025-07-14,2779.49
C00568,2025-06-04,3386.82
C00569,2025-06-10,3633.96
C00570,2025-06-19,2547.33
C00570,2025-07-08,2819.96
C00570,2025-08-11,1077.51
C00571,2025-06-24,3680.49
C00572,2025-06-24,1756.45
C00573,2025-06-27,1116.96
C00574,2025-06-12,3801.54
C00575,2025-06-11,2859.0
C00576,2025-06-27,3403.88
C00577,2025-06-17,500.91
C00578,2025-06-14,2790.55
C00579,2025-06-25,772.29
C00580,2025-06-02,3823.51
C00581,2025-06-18,1266.43
C00582,2025-06-25,2658.81
C00583,2025-06-08,3865.34
C00583,2025-07-12,1823.06
C00583,2025-08-10,807.6
C00584,2025-06-16,2780.24
C00584,2025-07-08,321.76
C00585,2025-06-05,3762.62
C00586,2025-06-10,793.58
C00587,2025-06-19,2384.09
C00588,2025-06-27,736.49
C00589,2025-06-06,2804.99
C00589,2025-07-15,3406.1
C00590,2025-06-07,723.57
C00590,2025-07-12,2100.45
C00590,2025-08-09,1424.44
C00590,2025-09-10,1957.67
C00590,2025-10-11,1946.77
C00591,2025-06-10,921.95
C00591,2025-07-01,2033.49
C00592,2025-06-16,610.7
C00593,2025-06-24,2385.52
C00593,2025-07-16,3839.91
C00594,2025-06-26,2309.37
C00594,2025-07-03,2684.67
C00595,2025-06-24,2714.63
C00595,2025-07-08,589.14
C00596,2025-06-01,3165.42
C00597,2025-06-10,1661.18
C00598,2025-06-17,3429.18
C00599,2025-06-06,678.06
C00600,2025-06-10,3046.6
C00601,2025-06-06,2695.03
C00602,2025-06-08,1663.55
C00603,2025-06-12,3399.94
C00603,2025-07-02,452.64
C00604,2025-06-21,3707.99
C00605,2025-06-13,3649.22
C00606,2025-06-16,1865.03
C00607,2025-06-10,2529.71
C00608,2025-06-05,2845.54
C00608,2025-07-15,2656.0
C00609,2025-06-02,3447.48
C00610,2025-06-07,2974.92
C00610,2025-07-27,2559.74
C00611,2025-06-17,1874.14
C00611,2025-07-22,504.6
C00612,2025-06-11,532.06
C00612,2025-07-27,952.24
C00613,2025-06-13,1394.24
C00614,2025-06-19,2798.47
C00615,2025-06-16,614.65
C00616,2025-06-15,1884.99
C00617,2025-06-21,3502.05
C00618,2025-06-20,2593.52
C00619,2025-06-02,2974.24
C00620,2025-06-22,1399.04
C00621,2025-06-12,2078.71
C00622,2025-06-10,3501.47
C00623,2025-06-21,403.01
C00623,2025-07-22,3036.95
C00624,2025-06-05,2743.78
C00625,2025-06-19,3789.76
C00626,2025-06-08,2389.82
C00627,2025-06-04,1140.8
C00628,2025-06-07,2328.02
C00628,2025-07-28,3398.09
C00629,2025-06-07,2263.87
C00629,2025-07-16,1139.86
C00630,2025-06-18,2419.02
C00630,2025-07-17,3664.24
C00631,2025-06-28,1809.7
C00631,2025-07-15,796.85
C00632,2025-06-17,2944.04
C00633,2025-06-04,2618.4
C00634,2025-06-17,677.74
C00635,2025-06-13,2313.91
C00636,2025-06-07,2383.22
C00637,2025-06-05,1681.45
C00638,2025-06-13,1176.54
C00639,2025-06-01,2897.15
C00640,2025-06-15,1409.74
C00641,2025-06-14,3661.58
C00641,2025-07-28,1045.92
C00641,2025-08-24,3521.87
C00641,2025-09-24,3413.45
C00642,2025-06-24,2817.92
C00643,2025-06-04,1185.41
C00644,2025-06-17,3807.71
C00645,2025-06-02,3321.22
C00646,2025-06-12,2330.68
C00647,2025-06-04,426.34
C00648,2025-06-08,1242.03
C00648,2025-07-15,378.75
C00649,2025-06-15,720.23
C00649,2025-07-04,572.89
C00649,2025-08-05,2350.71
C00649,2025-09-22,2777.39
C00650,2025-06-19,3538.99
C00651,2025-06-23,3117.34
C00651,2025-07-15,351.06
C00652,2025-06-05,2102.53
C00653,2025-06-02,3261.68
C00653,2025-07-06,2595.56
C00654,2025-06-20,1752.49
C00655,2025-06-06,2863.8
C00656,2025-06-08,3530.18
C00657,2025-06-03,1635.45
C00658,2025-07-05,2480.13
C00658,2025-08-06,3330.97
C00659,2025-07-11,2435.06
C00660,2025-07-12,1463.13
C00661,2025-07-16,1534.98
C00661,2025-08-15,3542.23
C00662,2025-07-21,839.57
C00663,2025-07-09,1722.4
C00663,2025-08-09,1620.28
C00664,2025-07-19,3840.75
C00665,2025-07-02,3685.7
C00666,2025-07-04,3527.82
C00667,2025-07-21,2415.55
C00667,2025-08-26,1341.86
C00668,2025-07-28,3247.79
C00668,2025-08-03,1424.78
C00669,2025-07-24,1641.82
C00670,2025-07-08,1596.59
C00671,2025-07-13,1537.38
C00672,2025-07-22,1495.84
C00673,2025-07-16,2163.81
C00674,2025-07-26,1168.81
C00675,2025-07-05,1059.84
C00676,2025-07-22,1976.57
C00677,2025-07-19,3157.69
C00678,2025-07-19,545.4
C00679,2025-07-10,1232.84
C00680,2025-07-22,3768.49
C00681,2025-07-07,2458.37
C00681,2025-08-06,1425.68
C00682,2025-07-15,1620.81
C00683,2025-07-14,2968.46
C00684,2025-07-27,2092.71
C00685,2025-07-09,3621.61
C00686,2025-07-25,908.89
C00686,2025-08-23,374.24
C00686,2025-09-15,1041.29
C00687,2025-07-28,2157.09
C00687,2025-08-08,3015.39
C00688,2025-07-20,479.82
C00688,2025-08-27,3539.41
C00689,2025-07-05,318.69
C00689,2025-08-21,3539.14
C00690,2025-07-01,1085.24
C00691,2025-07-24,400.21
C00692,2025-07-20,2812.17
C00693,2025-07-02,3494.23
C00694,2025-07-03,2617.35
C00695,2025-07-16,3954.95
C00696,2025-07-15,3531.26
C00696,2025-08-11,2387.32
C00697,2025-07-02,1836.0
C00698,2025-07-27,1517.91
C00698,2025-08-05,1078.78
C00699,2025-07-27,632.51
C00700,2025-07-14,1573.2
C00701,2025-07-28,2353.48
C00702,2025-07-20,2427.4
C00702,2025-08-20,1253.97
C00703,2025-07-25,417.04
C00704,2025-07-21,3158.64
C00705,2025-07-15,2369.41
C00706,2025-07-17,3781.48
C00706,2025-08-01,2365.09
C00706,2025-09-26,3164.41
C00707,2025-07-21,1144.22
C00708,2025-07-03,3766.72
C00709,2025-07-04,522.62
C00710,2025-07-18,3176.27
C00710,2025-08-20,1652.75
C00710,2025-09-06,3522.09
C00711,2025-07-25,899.7
C00711,2025-08-25,2925.64
C00712,2025-07-28,2146.07
C00713,2025-07-12,3633.81
C00714,2025-07-07,1498.18
C00715,2025-07-04,2742.1
C00715,2025-08-26,2688.2
C00716,2025-07-28,1597.53
C00716,2025-08-13,1816.73
C00717,2025-07-22,2620.35
C00717,2025-08-09,376.83
C00718,2025-07-08,1156.11
C00718,2025-08-25,1874.76
C00718,2025-09-16,1101.45
C00719,2025-07-06,2066.27
C00720,2025-07-25,1288.92
C00721,2025-07-27,1410.31
C00721,2025-08-01,2096.54
C00722,2025-07-06,1483.14
C00723,2025-07-15,1084.65
C00723,2025-08-26,1076.33
C00724,2025-07-12,470.9
C00725,2025-07-15,974.5
C00726,2025-07-10,2835.07
C00727,2025-07-05,3905.04
C00727,2025-08-10,857.97
C00728,2025-07-04,3079.83
C00729,2025-07-13,633.86
C00730,2025-07-22,2950.52
C00731,2025-07-02,2465.51
C00731,2025-08-21,2851.0
C00731,2025-09-17,2502.17
C00732,2025-07-23,688.01
C00732,2025-08-11,538.86
C00732,2025-09-16,3891.18
C00733,2025-07-01,962.23
C00734,2025-07-05,2642.84
C00735,2025-07-04,2260.75
C00736,2025-07-03,1592.93
C00736,2025-08-08,3006.17
C00736,2025-09-06,356.27
C00736,2025-10-02,1026.85
C00736,2025-11-26,2359.49
C00737,2025-07-01,1505.13
C00737,2025-08-15,2312.69
C00738,2025-07-23,1818.38
C00739,2025-07-24,2955.71
C00740,2025-07-11,2297.99
C00741,2025-07-05,1732.19
C00742,2025-07-14,3273.89
C00743,2025-07-21,319.43
C00744,2025-07-09,2866.56
C00745,2025-07-08,3354.56
C00746,2025-07-03,3419.31
C00747,2025-07-23,483.19
C00748,2025-07-11,2833.95
C00749,2025-07-22,1467.78
C00750,2025-07-01,2051.84
C00751,2025-07-16,2187.48
C00752,2025-07-13,1167.41
C00753,2025-07-24,3516.91
C00754,2025-07-03,1756.04
C00755,2025-07-20,2740.52
C00756,2025-07-03,2626.93
C00757,2025-07-08,3718.61
C00758,2025-07-09,3662.36
C00759,2025-07-24,1586.78
C00760,2025-07-19,1118.53
C00760,2025-08-25,2256.37
C00761,2025-07-17,925.79
C00762,2025-07-22,937.7
C00763,2025-07-15,957.54
C00764,2025-07-28,3607.89
C00765,2025-07-02,1491.26
C00766,2025-07-28,3325.75
C00766,2025-08-05,2899.7
C00767,2025-08-12,2753.12
C00768,2025-08-10,1975.38
C00768,2025-09-13,1374.85
C00769,2025-08-04,1962.46
C00770,2025-08-26,945.7
C00771,2025-08-01,2816.67
C00772,2025-08-17,2742.98
C00773,2025-08-17,1558.35
C00774,2025-08-01,2357.94
C00774,2025-09-09,513.62
C00774,2025-10-23,2315.24
C00775,2025-08-09,1194.78
C00776,2025-08-03,2243.15
C00777,2025-08-03,1046.23
C00778,2025-08-26,1374.68
C00779,2025-08-02,2954.4
C00780,2025-08-02,2936.38
C00781,2025-08-14,1894.58
C00782,2025-08-09,1603.7
C00783,2025-08-19,779.05
C00784,2025-08-28,2934.02
C00785,2025-08-22,1051.58
C00786,2025-08-03,3097.34
C00787,2025-08-17,1834.44
C00788,2025-08-21,3101.03
C00788,2025-09-19,2384.91
C00789,2025-08-23,3406.45
C00790,2025-08-16,952.06
C00790,2025-09-13,2117.7
C00791,2025-08-27,335.19
C00791,2025-09-07,1786.21
C00791,2025-10-22,1387.73
C00792,2025-08-13,3148.55
C00792,2025-09-08,3437.19
C00793,2025-08-01,676.31
C00793,2025-09-25,1097.85
C00794,2025-08-27,2819.64
C00795,2025-08-16,3493.09
C00796,2025-08-24,1846.32
C00797,2025-08-14,3322.34
C00798,2025-08-05,1485.81
C00798,2025-09-01,988.74
C00799,2025-08-17,1270.67
C00800,2025-08-09,2756.63
C00801,2025-08-13,2190.63
C00802,2025-08-02,1435.33
C00802,2025-09-13,3267.3
C00803,2025-08-09,1428.38
C00803,2025-09-07,2286.34
C00804,2025-08-15,2728.39
C00805,2025-08-05,1653.19
C00806,2025-08-07,1988.79
C00807,2025-08-22,489.29
C00808,2025-08-18,550.28
C00809,2025-08-27,1497.15
C00809,2025-09-26,1924.7
C00809,2025-10-07,3269.11
C00810,2025-08-15,1802.22
C00811,2025-08-07,3548.83
C00811,2025-09-14,3475.06
C00811,2025-10-05,3491.73
C00811,2025-11-20,2139.45
C00811,2025-12-24,2375.92
C00812,2025-08-16,1116.98
C00813,2025-08-24,1391.1
C00813,2025-09-27,888.13
C00814,2025-08-23,1065.56
C00814,2025-09-04,1046.02
C00814,2025-10-02,1834.36
C00815,2025-08-09,2912.98
C00816,2025-08-14,872.9
C00816,2025-09-23,793.56
C00816,2025-10-15,1386.45
C00816,2025-11-19,3249.66
C00817,2025-08-24,869.76
C00818,2025-08-11,2330.3
C00818,2025-09-26,2761.92
C00818,2025-10-02,1512.18
C00818,2025-11-10,1126.45
C00819,2025-08-03,1033.18
C00819,2025-09-06,1890.48
C00820,2025-08-04,443.61
C00821,2025-08-22,3716.27
C00822,2025-08-17,2247.44
C00823,2025-08-12,365.76
C00824,2025-08-03,1041.89
C00824,2025-09-10,2511.77
C00825,2025-08-03,1044.9
C00826,2025-08-25,3604.34
C00827,2025-08-08,2441.51
C00828,2025-08-19,2515.54
C00829,2025-08-12,1019.19
C00829,2025-09-10,485.21
C00830,2025-08-15,2079.85
C00831,2025-08-12,961.77
C00832,2025-08-10,3293.34
C00833,2025-08-15,653.97
C00834,2025-08-26,897.07
C00835,2025-08-02,424.79
C00836,2025-08-04,1828.13
C00837,2025-08-14,2438.56
C00838,2025-08-12,2992.21
C00839,2025-08-12,927.88
C00840,2025-08-11,318.32
C00841,2025-08-27,2076.91
C00841,2025-09-04,694.18
C00841,2025-10-05,2135.68
C00842,2025-08-04,1499.8
C00842,2025-09-19,2281.23
C00843,2025-08-12,3812.76
C00844,2025-08-18,1052.8
C00844,2025-09-08,2988.35
C00845,2025-08-08,3595.25
C00845,2025-09-02,2107.08
C00846,2025-08-19,1080.46
C00847,2025-08-03,3075.16
C00847,2025-09-09,3993.18
C00848,2025-08-20,2217.03
C00849,2025-08-04,612.01
C00850,2025-08-08,1201.17
C00851,2025-08-17,2929.92
C00851,2025-09-08,570.3
C00852,2025-08-04,452.52
C00853,2025-08-23,946.39
C00854,2025-08-03,3299.04
C00855,2025-08-06,339.83
C00856,2025-08-14,3210.43
C00856,2025-09-26,1205.9
C00857,2025-08-22,918.4
C00858,2025-08-25,819.37
C00858,2025-09-08,2838.33
C00859,2025-08-03,3989.99
C00860,2025-08-16,439.6
C00861,2025-08-11,3659.96
C00862,2025-08-21,531.77
C00863,2025-08-02,3429.18
C00864,2025-08-03,2708.5
C00865,2025-08-19,900.24
C00866,2025-08-22,3156.68
C00867,2025-08-09,3365.19
C00868,2025-08-02,3056.36
C00869,2025-08-26,2816.36
C00869,2025-09-13,3353.14
C00870,2025-08-28,2197.91
C00871,2025-08-19,2267.18
C00872,2025-08-04,551.72
C00873,2025-08-26,1232.42
C00874,2025-08-08,1188.39
C00875,2025-08-18,1175.58
C00876,2025-08-22,3591.28
C00876,2025-09-22,3200.21
C00877,2025-08-22,3163.46
C00878,2025-08-13,1803.09
C00878,2025-09-21,2786.16
C00879,2025-08-22,2501.0
C00880,2025-09-10,316.63
C00881,2025-09-01,3818.67
C00882,2025-09-16,1849.03
C00883,2025-09-15,839.57
C00884,2025-09-03,1608.74
C00885,2025-09-20,420.51
C00886,2025-09-09,992.97
C00887,2025-09-14,2745.7
C00888,2025-09-04,1100.39
C00889,2025-09-13,3344.86
C00889,2025-10-09,1530.85
C00889,2025-11-06,1129.54
C00890,2025-09-20,3563.26
C00891,2025-09-10,2148.81
C00892,2025-09-17,3225.75
C00893,2025-09-28,3373.32
C00893,2025-10-17,333.52
C00894,2025-09-04,3796.52
C00895,2025-09-26,2731.46
C00896,2025-09-22,673.36
C00897,2025-09-28,3086.62
C00898,2025-09-05,3735.86
C00899,2025-09-22,1839.3
C00900,2025-09-11,1943.16
C00901,2025-09-12,1429.73
C00902,2025-09-22,1690.69
C00903,2025-09-22,520.84
C00904,2025-09-16,1645.77
C00905,2025-09-02,3538.3
C00906,2025-09-04,2362.43
C00907,2025-09-25,2196.19
C00907,2025-10-20,3074.32
C00907,2025-11-11,2085.14
C00907,2025-12-09,834.75
C00908,2025-09-19,2179.57
C00909,2025-09-06,3065.28
C00910,2025-09-09,2620.99
C00910,2025-10-25,2313.86
C00911,2025-09-14,2700.56
C00912,2025-09-22,2665.91
C00913,2025-09-23,1632.89
C00914,2025-09-11,898.94
C00915,2025-09-27,478.8
C00916,2025-09-05,1042.9
C00917,2025-09-02,899.95
C00918,2025-09-06,2821.21
C00919,2025-09-19,1401.24
C00920,2025-09-12,3859.87
C00920,2025-10-10,3597.6
C00921,2025-09-20,1487.33
C00922,2025-09-04,2821.76
C00923,2025-09-11,1726.41
C00924,2025-09-09,716.13
C00925,2025-09-20,1965.88
C00926,2025-09-21,891.44
C00927,2025-09-02,862.66
C00928,2025-09-16,2747.03
C00929,2025-09-14,3084.74
C00930,2025-09-12,2954.01
C00931,2025-09-26,1366.99
C00932,2025-09-09,1963.73
C00932,2025-10-18,3358.59
C00933,2025-09-12,2527.94
C00934,2025-09-08,3577.79
C00935,2025-09-04,3088.82
C00936,2025-09-14,3387.28
C00937,2025-09-10,913.91
C00937,2025-10-24,2645.47
C00938,2025-09-25,1794.18
C00939,2025-09-26,3047.07
C00940,2025-09-13,2149.3
C00941,2025-09-28,987.22
C00942,2025-09-18,3021.94
C00943,2025-09-10,794.19
C00944,2025-09-03,3720.83
C00944,2025-10-01,3452.16
C00945,2025-09-19,1900.45
C00945,2025-10-24,1313.11
C00946,2025-09-26,3456.03
C00946,2025-10-08,2784.74
C00947,2025-09-17,762.28
C00948,2025-09-02,3049.13
C00949,2025-09-21,1709.49
C00950,2025-09-21,2905.21
C00951,2025-09-20,3616.18
C00952,2025-09-25,2532.41
C00953,2025-09-09,2548.41
C00954,2025-09-10,647.21
C00955,2025-09-26,591.07
C00955,2025-10-17,567.07
C00956,2025-09-11,1108.05
C00957,2025-09-25,813.42
C00958,2025-09-02,3915.91
C00959,2025-09-20,3287.29
C00959,2025-10-27,2030.06
C00960,2025-09-10,2628.96
C00961,2025-09-11,2263.56
C00961,2025-10-18,3235.83
C00961,2025-11-27,3903.44
C00962,2025-09-23,412.82
C00963,2025-09-01,3299.87
C00964,2025-09-12,533.31
C00965,2025-09-24,631.22
C00965,2025-10-13,2194.72
C00966,2025-09-08,2766.83
C00967,2025-09-02,3275.43
C00968,2025-09-11,2733.96
C00968,2025-10-21,2068.14
C00968,2025-11-15,3885.98
C00969,2025-09-20,1982.22
C00970,2025-09-07,713.96
C00970,2025-10-25,1018.57
C00971,2025-09-17,361.16
C00972,2025-09-26,2903.83
C00972,2025-10-09,1044.34
C00973,2025-09-27,3900.15
C00974,2025-09-01,3703.8
C00975,2025-09-24,358.37
C00976,2025-09-14,348.15
C00977,2025-09-24,3065.26
C00978,2025-09-18,1614.91
C00978,2025-10-21,1468.01
C00979,2025-09-04,463.69
C00979,2025-10-12,1857.77
C00979,2025-11-23,1983.71
C00979,2025-12-04,3475.07
C00980,2025-09-16,2098.28
C00980,2025-10-11,3240.57
C00981,2025-09-27,3912.19
C00982,2025-09-17,2384.64
C00983,2025-09-07,1609.12
C00984,2025-09-07,2927.8
C00985,2025-09-17,1915.97
C00986,2025-09-13,895.53
C00987,2025-09-14,795.17
C00987,2025-10-07,2993.17
C00988,2025-09-01,333.76
C00989,2025-09-26,618.37
C00990,2025-09-07,3589.38
C00991,2025-09-03,3476.52
C00992,2025-09-18,3575.66
C00993,2025-09-21,3645.01
C00993,2025-10-07,3651.44
C00994,2025-09-04,662.82
C00995,2025-09-07,1928.14
C00996,2025-09-21,2835.85
C00997,2025-09-25,549.96
C00998,2025-09-02,3488.29
C00998,2025-10-21,2789.71
C00999,2025-09-08,2952.26
C01000,2025-09-16,2541.81
C01000,2025-10-16,2516.57
C01000,2025-11-08,3259.92
C01001,2025-09-01,1751.53
C01002,2025-09-27,1129.46
C01003,2025-09-21,441.68
C01003,2025-10-07,3270.06
C01003,2025-11-02,1787.34
C01004,2025-09-08,3168.75
C01004,2025-10-18,2662.97
C01005,2025-09-09,452.9
C01006,2025-09-16,3101.35
C01006,2025-10-23,657.33
C01006,2025-11-17,902.42
C01007,2025-09-04,2186.29
C01008,2025-09-13,3690.5
C01008,2025-10-28,409.93
C01009,2025-09-03,2159.16
C01010,2025-09-20,3229.73
C01011,2025-09-23,500.68
C01012,2025-09-10,1991.2
C01013,2025-09-18,3056.49
C01013,2025-10-27,2175.93
C01014,2025-09-07,751.97
C01015,2025-09-07,2785.4
C01016,2025-09-20,3912.89
C01017,2025-09-12,2807.31
C01017,2025-10-08,3444.0
C01018,2025-09-04,632.2
C01019,2025-09-10,3120.96
C01019,2025-10-20,2432.08
C01020,2025-10-01,591.76
C01020,2025-11-22,2862.11
C01021,2025-10-17,1725.89
C01022,2025-10-20,2425.69
C01022,2025-11-25,3010.95
C01023,2025-10-01,3397.6
C01024,2025-10-01,2779.46
C01024,2025-11-14,3264.17
C01024,2025-12-20,3788.16
C01025,2025-10-23,796.32
C01026,2025-10-28,1589.39
C01027,2025-10-04,899.9
C01027,2025-11-21,2726.81
C01028,2025-10-20,3396.25
C01029,2025-10-25,1506.07
C01030,2025-10-01,1825.94
C01030,2025-11-08,2312.7
C01031,2025-10-27,1516.22
C01032,2025-10-25,1183.5
C01033,2025-10-03,2268.46
C01033,2025-11-27,3450.17
C01034,2025-10-11,1658.36
C01035,2025-10-15,896.12
C01036,2025-10-21,2754.91
C01037,2025-10-14,3746.16
C01038,2025-10-25,3879.51
C01038,2025-11-07,1106.82
C01039,2025-10-01,2942.89
C01040,2025-10-04,3961.9
C01040,2025-11-15,2572.8
C01040,2025-12-24,1351.93
C01041,2025-10-11,1251.38
C01041,2025-11-23,3505.09
C01042,2025-10-20,3867.96
C01043,2025-10-19,825.48
C01043,2025-11-03,2871.19
C01044,2025-10-03,2999.51
C01045,2025-10-03,1637.55
C01045,2025-11-04,2973.05
C01046,2025-10-17,2843.89
C01047,2025-10-25,1965.11
C01048,2025-10-09,1421.71
C01049,2025-10-23,940.91
C01050,2025-10-04,3486.84
C01051,2025-10-11,3379.46
C01051,2025-11-27,3202.64
C01051,2025-12-07,3270.62
C01052,2025-10-09,2612.09
C01053,2025-10-03,3648.08
C01053,2025-11-22,2748.12
C01054,2025-10-09,968.25
C01054,2025-11-04,3396.41
C01054,2025-12-09,2713.24
C01055,2025-10-08,529.6
C01056,2025-10-09,3454.43
C01056,2025-11-12,1645.44
C01057,2025-10-05,1666.7
C01058,2025-10-12,1655.05
C01059,2025-10-04,3527.92
C01060,2025-10-06,1355.53
C01061,2025-10-25,411.33
C01062,2025-10-08,3121.79
C01063,2025-10-08,2673.27
C01064,2025-10-28,327.9
C01064,2025-11-13,3394.77
C01064,2025-12-01,2048.58
C01065,2025-10-04,2001.83
C01066,2025-10-03,1797.37
C01067,2025-10-06,3666.43
C01068,2025-10-02,737.75
C01068,2025-11-12,1942.5
C01068,2025-12-11,2352.72
C01068,2026-01-08,2090.68
C01068,2026-02-20,3519.8
C01069,2025-10-28,1692.01
C01069,2025-11-14,2241.91
C01069,2025-12-06,2188.79
C01070,2025-10-04,607.4
C01071,2025-10-15,3204.72
C01071,2025-11-26,1976.15
C01072,2025-10-07,1338.33
C01073,2025-10-03,742.92
C01074,2025-10-16,1252.09
C01075,2025-10-21,2715.99
C01076,2025-10-01,2681.18
C01077,2025-10-02,2287.37
C01077,2025-11-16,2758.47
C01077,2025-12-12,836.63
C01078,2025-10-11,3039.38
C01079,2025-10-12,2728.89
C01080,2025-10-23,1139.49
C01081,2025-10-24,603.28
C01081,2025-11-02,1355.13
C01082,2025-10-27,1008.66
C01083,2025-10-19,1037.62
C01083,2025-11-01,2812.74
C01083,2025-12-16,1162.47
C01084,2025-10-17,3457.09
C01085,2025-10-22,3969.85
C01086,2025-10-07,1011.89
C01087,2025-10-10,3998.45
C01088,2025-10-08,3907.27
C01089,2025-10-02,1805.82
C01090,2025-10-22,2923.04
C01091,2025-10-25,899.68
C01092,2025-10-01,872.8
C01093,2025-10-20,1980.39
C01094,2025-10-23,1730.23
C01095,2025-10-18,745.98
C01096,2025-10-05,3668.36
C01097,2025-10-05,2451.23
C01098,2025-10-02,920.67
C01099,2025-10-03,2466.68
C01100,2025-10-14,1236.76
C01101,2025-10-08,3482.82
C01102,2025-10-09,3880.7
C01103,2025-10-04,490.89
C01104,2025-10-04,3879.64
C01105,2025-10-03,1369.19
C01106,2025-10-28,811.98
C01106,2025-11-13,3440.62
C01107,2025-10-21,2911.05
C01108,2025-10-15,1201.86
C01109,2025-10-19,2815.32
C01110,2025-10-17,3860.79
C01110,2025-11-03,2491.09
C01111,2025-10-13,971.64
C01112,2025-10-09,2680.86
C01113,2025-10-17,1252.52
C01114,2025-10-23,3042.74
C01115,2025-10-16,1085.64
C01116,2025-10-01,1946.12
C01117,2025-10-25,2923.75
C01118,2025-10-06,2022.37
C01119,2025-10-08,3919.37
C01119,2025-11-07,2307.41
C01120,2025-10-05,3630.34
C01120,2025-11-24,2920.41
C01121,2025-10-16,3137.46
C01121,2025-11-08,2667.25
C01122,2025-11-02,2186.57
C01123,2025-11-20,1856.91
C01123,2025-12-19,1980.25
C01124,2025-11-18,1616.02
C01125,2025-11-14,1463.63
C01126,2025-11-23,365.17
C01127,2025-11-06,1757.91
C01127,2025-12-21,3137.08
C01128,2025-11-21,1054.88
C01129,2025-11-19,3875.39
C01129,2025-12-25,3446.04
C01130,2025-11-06,3339.83
C01131,2025-11-28,2763.75
C01132,2025-11-02,1033.77
C01132,2025-12-18,1825.35
C01133,2025-11-01,559.19
C01133,2025-12-06,617.39
C01134,2025-11-06,1150.89
C01135,2025-11-23,3205.6
C01136,2025-11-01,722.64
C01137,2025-11-07,849.88
C01138,2025-11-17,1591.06
C01139,2025-11-24,2071.72
C01140,2025-11-02,3730.72
C01141,2025-11-09,638.16
C01142,2025-11-23,3902.17
C01142,2025-12-28,2996.45
C01143,2025-11-16,821.94
C01144,2025-11-18,3279.09
C01145,2025-11-27,2862.74
C01146,2025-11-23,361.52
C01147,2025-11-03,3267.38
C01147,2025-12-19,863.32
C01148,2025-11-15,3274.84
C01149,2025-11-08,2603.06
C01150,2025-11-16,2390.6
C01150,2025-12-07,3754.28
C01150,2026-01-27,2645.65
C01151,2025-11-09,2154.82
C01152,2025-11-11,2980.39
C01152,2025-12-24,386.98
C01153,2025-11-07,2667.24
C01154,2025-11-20,1011.64
C01154,2025-12-10,3982.76
C01155,2025-11-05,882.18
C01156,2025-11-25,1553.88
C01157,2025-11-22,3847.23
C01158,2025-11-10,1767.12
C01159,2025-11-10,505.93
C01160,2025-11-03,1385.81
C01161,2025-11-08,859.63
C01162,2025-11-08,2008.5
C01162,2025-12-04,3204.55
C01163,2025-11-28,1642.5
C01164,2025-11-17,1449.85
C01164,2025-12-22,559.2
C01165,2025-11-16,546.83
C01166,2025-11-17,1120.96
C01167,2025-11-16,3770.82
C01168,2025-11-23,1675.18
C01169,2025-11-24,3755.5
C01170,2025-11-04,3145.85
C01170,2025-12-09,792.29
C01171,2025-11-18,777.12
C01172,2025-11-20,429.96
C01173,2025-11-28,3077.52
C01174,2025-11-14,2223.28
C01174,2025-12-23,647.95
C01175,2025-11-02,417.98
C01176,2025-11-22,799.65
C01176,2025-12-03,1469.23
C01177,2025-11-20,3382.44
C01177,2025-12-06,1731.43
C01178,2025-11-23,1550.72
C01178,2025-12-08,1994.9
C01179,2025-11-03,1260.4
C01180,2025-11-24,3645.74
C01181,2025-11-06,2534.99
C01182,2025-11-15,1754.85
C01182,2025-12-26,779.65
C01182,2026-01-16,695.9
C01183,2025-11-11,3268.0
C01183,2025-12-17,2036.09
C01184,2025-11-05,3912.06
C01185,2025-11-11,939.4
C01186,2025-11-11,2825.68
C01187,2025-11-02,3340.19
C01188,2025-11-19,1572.08
C01189,2025-11-09,2544.15
C01190,2025-11-11,1143.31
C01191,2025-11-09,3813.55
C01192,2025-11-20,1605.66
C01193,2025-11-04,3788.2
C01193,2025-12-22,1819.12
C01194,2025-11-19,3095.67
C01195,2025-11-21,3275.45
C01196,2025-11-24,934.27
C01196,2025-12-10,1236.9
C01197,2025-11-13,1916.87
C01198,2025-11-08,2294.76
C01199,2025-11-27,502.95
C01200,2025-11-06,3437.14
C01201,2025-11-05,3471.55
C01202,2025-11-28,2804.65
C01203,2025-11-02,3236.29
C01204,2025-11-15,3800.81
C01205,2025-11-15,3194.27
C01206,2025-11-07,2998.93
C01207,2025-11-03,671.47
C01208,2025-11-01,3641.25
C01208,2025-12-12,561.42
C01208,2026-01-24,494.4
C01209,2025-11-21,1786.82
C01210,2025-11-13,1446.56
C01211,2025-11-19,2040.75
C01212,2025-11-24,3403.88
C01213,2025-11-12,2421.09
C01213,2025-12-19,3991.76
C01214,2025-11-03,2090.89
C01215,2025-11-22,1140.24
C01215,2025-12-18,1644.14
C01216,2025-11-23,3493.87
C01217,2025-11-19,429.08
C01218,2025-11-14,387.45
C01218,2025-12-03,980.1
C01219,2025-12-26,3056.5
C01219,2026-01-26,3055.82
C01220,2025-12-08,1656.88
C01221,2025-12-24,1903.83
C01222,2025-12-23,584.89
C01223,2025-12-11,1416.53
C01224,2025-12-24,3898.22
C01225,2025-12-25,2151.14
C01226,2025-12-05,2537.99
C01227,2025-12-27,2376.06
C01228,2025-12-06,364.93
C01229,2025-12-25,717.37
C01230,2025-12-02,3718.74
C01231,2025-12-01,3635.03
C01232,2025-12-23,3631.67
C01233,2025-12-17,2010.89
C01233,2026-01-07,831.62
C01234,2025-12-26,412.55
C01234,2026-01-23,1258.83
C01235,2025-12-14,1100.8
C01236,2025-12-02,641.72
C01236,2026-01-11,3641.97
C01236,2026-02-26,1177.1
C01237,2025-12-17,3341.08
C01238,2025-12-06,3645.32
C01239,2025-12-19,2969.67
C01239,2026-01-15,2934.72
C01240,2025-12-09,3393.35
C01241,2025-12-17,494.46
C01242,2025-12-15,3516.25
C01243,2025-12-26,2369.5
C01244,2025-12-11,2001.89
C01245,2025-12-18,1543.37
C01246,2025-12-08,3987.13
C01247,2025-12-28,1817.47
C01248,2025-12-10,1447.14
C01249,2025-12-15,614.44
C01249,2026-01-11,760.52
C01250,2025-12-14,2074.94
C01251,2025-12-19,2099.12
C01252,2025-12-16,2218.49
C01253,2025-12-17,835.21
C01253,2026-01-03,1601.58
C01254,2025-12-03,1792.57
C01255,2025-12-14,1541.62
C01256,2025-12-27,1750.09
C01256,2026-01-28,3388.05
C01257,2025-12-02,3443.15
C01258,2025-12-12,2182.95
C01259,2025-12-22,1786.09
C01260,2025-12-10,878.94
C01261,2025-12-24,3019.69
C01262,2025-12-05,2618.19
C01263,2025-12-13,3226.76
C01264,2025-12-22,1112.81
C01265,2025-12-06,2332.74
C01266,2025-12-06,1356.93
C01266,2026-01-26,3909.29
C01267,2025-12-26,2074.6
C01268,2025-12-12,2229.43
C01268,2026-01-18,2268.29
C01269,2025-12-21,3770.44
C01269,2026-01-09,1732.34
C01270,2025-12-26,3471.26
C01270,2026-01-26,1734.52
C01271,2025-12-21,2294.09
C01272,2025-12-11,1365.37
C01273,2025-12-23,1695.86
C01273,2026-01-07,520.07
C01274,2025-12-05,1451.16
C01275,2025-12-14,1276.19
C01276,2025-12-24,3655.72
C01276,2026-01-05,2338.31
C01277,2025-12-03,3159.72
C01277,2026-01-27,1013.85
C01278,2025-12-28,3002.3
C01279,2025-12-21,3529.83
C01280,2025-12-20,767.38
C01281,2025-12-03,507.0
C01281,2026-01-01,1512.9
C01282,2025-12-06,715.64
C01282,2026-01-06,1030.57
C01283,2025-12-07,1634.37
C01284,2025-12-14,1503.59
C01285,2025-12-15,1160.79
C01286,2025-12-22,2911.72
C01286,2026-01-06,3603.43
C01287,2025-12-21,3027.55
C01287,2026-01-17,2602.16
C01288,2025-12-26,1926.44
C01289,2025-12-19,351.07
C01290,2025-12-01,2523.74
C01291,2025-12-13,2192.01
C01291,2026-01-02,3684.89
C01292,2025-12-05,2138.01
C01293,2025-12-06,2855.5
C01293,2026-01-26,3714.35
C01294,2025-12-01,3424.53
C01295,2025-12-23,2776.47
C01296,2025-12-24,2751.97
C01297,2025-12-16,3835.36
C01298,2025-12-20,896.69
C01299,2025-12-07,1295.11
C01300,2025-12-26,2757.41
C01301,2025-12-01,3965.9
C01302,2025-12-11,2677.21
C01303,2025-12-26,2560.27
C01303,2026-01-28,2320.29
C01304,2025-12-28,3714.71
C01304,2026-01-27,3100.71
C01304,2026-02-25,605.68
C01305,2025-12-10,2470.13
C01306,2025-12-01,622.88
C01307,2025-12-04,1692.86
C01308,2025-12-20,3523.69
C01309,2025-12-24,3295.22
C01309,2026-01-15,2700.35
C01309,2026-02-16,3387.0
C01310,2025-12-03,2720.97
C01311,2025-12-12,1061.06
C01312,2025-12-17,3992.24
C01313,2025-12-19,2862.83
C01314,2025-12-09,1988.0
C01315,2025-12-13,2828.68
C01316,2025-12-04,471.42
C01317,2025-12-26,2814.33
C01317,2026-01-28,2301.5
C01318,2025-12-05,1601.01
C01319,2025-12-28,1221.68
C01320,2025-12-02,1945.84
C01320,2026-01-03,3450.16
C01321,2025-12-02,1097.02
C01322,2025-12-23,597.86
C01323,2025-12-27,3751.3
C01323,2026-01-05,2687.28
C01324,2025-12-21,987.95
C01325,2025-12-11,907.7
C01326,2025-12-08,2053.4
C01327,2025-12-09,1260.39
C01327,2026-01-06,3653.82
C01328,2025-12-25,533.41
C01329,2025-12-20,3462.88
C01330,2025-12-04,1840.41
C01331,2025-12-11,2823.38
C01332,2025-12-08,2714.56
C01333,2025-12-17,3859.39
C01334,2025-12-06,2226.44
C01334,2026-01-11,1799.03
C01334,2026-02-05,3625.86
C01335,2025-12-09,2383.91
C01335,2026-01-16,3118.95
C01336,2025-12-06,1568.38
C01336,2026-01-13,3851.18
C01337,2025-12-05,2145.08
C01338,2025-12-11,1724.64
C01339,2025-12-11,3150.68
C01340,2025-12-15,758.78
