# Illustrative: invented events for a made-up product, not real user data.
user_id,event
U0001,visit
U0001,signup
U0001,activate
U0002,visit
U0003,visit
U0004,visit
U0005,visit
U0005,signup
U0005,activate
U0006,visit
U0007,visit
U0007,signup
U0007,activate
U0007,add_payment
U0008,visit
U0009,visit
U0009,signup
U0010,visit
U0011,visit
U0012,visit
U0013,visit
U0013,signup
U0013,activate
U0014,visit
U0014,signup
U0014,activate
U0014,add_payment
U0014,paid
U0015,visit
U0016,visit
U0016,signup
U0017,visit
U0018,visit
U0019,visit
U0020,visit
U0021,visit
U0021,signup
U0021,activate
U0022,visit
U0023,visit
U0024,visit
U0025,visit
U0025,signup
U0025,activate
U0025,add_payment
U0025,paid
U0026,visit
U0027,visit
U0027,signup
U0028,visit
U0028,signup
U0029,visit
U0030,visit
U0030,signup
U0030,activate
U0031,visit
U0032,visit
U0033,visit
U0033,signup
U0033,activate
U0034,visit
U0035,visit
U0035,signup
U0035,activate
U0035,add_payment
U0036,visit
U0037,visit
U0037,signup
U0037,activate
U0037,add_payment
U0037,paid
U0038,visit
U0039,visit
U0039,signup
U0039,activate
U0039,add_payment
U0039,paid
U0040,visit
U0041,visit
U0041,signup
U0041,activate
U0041,add_payment
U0041,paid
U0042,visit
U0042,signup
U0042,activate
U0043,visit
U0044,visit
U0044,signup
U0045,visit
U0045,signup
U0045,activate
U0046,visit
U0047,visit
U0047,signup
U0048,visit
U0048,signup
U0048,activate
U0049,visit
U0049,signup
U0049,activate
U0049,add_payment
U0049,paid
U0050,visit
U0051,visit
U0051,signup
U0051,activate
U0051,add_payment
U0051,paid
U0052,visit
U0053,visit
U0054,visit
U0055,visit
U0056,visit
U0056,signup
U0056,activate
U0057,visit
U0058,visit
U0058,signup
U0058,activate
U0059,visit
U0060,visit
U0060,signup
U0061,visit
U0062,visit
U0063,visit
U0063,signup
U0063,activate
U0063,add_payment
U0064,visit
U0064,signup
U0065,visit
U0065,signup
U0066,visit
U0067,visit
U0067,signup
U0067,activate
U0068,visit
U0068,signup
U0068,activate
U0069,visit
U0070,visit
U0071,visit
U0071,signup
U0072,visit
U0072,signup
U0072,activate
U0072,add_payment
U0072,paid
U0073,visit
U0073,signup
U0073,activate
U0073,add_payment
U0073,paid
U0074,visit
U0074,signup
U0074,activate
U0075,visit
U0076,visit
U0077,visit
U0078,visit
U0079,visit
U0079,signup
U0079,activate
U0079,add_payment
U0080,visit
U0081,visit
U0082,visit
U0082,signup
U0082,activate
U0082,add_payment
U0083,visit
U0083,signup
U0084,visit
U0084,signup
U0084,activate
U0085,visit
U0086,visit
U0087,visit
U0088,visit
U0089,visit
U0090,visit
U0090,signup
U0090,activate
U0091,visit
U0092,visit
U0092,signup
U0093,visit
U0094,visit
U0095,visit
U0096,visit
U0096,signup
U0096,activate
U0097,visit
U0097,page_view
U0097,signup
U0097,activate
U0098,visit
U0099,visit
U0100,visit
U0100,signup
U0101,visit
U0102,visit
U0102,signup
U0103,visit
U0103,signup
U0104,visit
U0104,signup
U0104,activate
U0104,add_payment
U0104,paid
U0105,visit
U0106,visit
U0107,visit
U0108,visit
U0109,visit
U0109,signup
U0109,activate
U0109,add_payment
U0110,visit
U0110,signup
U0110,activate
U0111,visit
U0112,visit
U0112,signup
U0113,visit
U0113,signup
U0113,activate
U0113,add_payment
U0113,paid
U0114,visit
U0115,visit
U0116,visit
U0117,visit
U0117,signup
U0117,activate
U0117,add_payment
U0117,paid
U0118,visit
U0119,visit
U0120,visit
U0121,visit
U0122,visit
U0123,visit
U0123,signup
U0123,activate
U0123,add_payment
U0123,paid
U0124,visit
U0124,signup
U0124,activate
U0125,visit
U0126,visit
U0126,signup
U0127,visit
U0128,visit
U0128,signup
U0128,activate
U0128,add_payment
U0129,visit
U0129,signup
U0130,visit
U0131,visit
U0131,signup
U0132,visit
U0132,signup
U0132,activate
U0132,add_payment
U0132,paid
U0133,visit
U0134,visit
U0134,signup
U0134,activate
U0134,add_payment
U0135,visit
U0135,signup
U0135,activate
U0136,visit
U0137,visit
U0138,visit
U0139,visit
U0139,signup
U0139,activate
U0139,add_payment
U0139,paid
U0140,visit
U0141,visit
U0142,visit
U0142,signup
U0142,activate
U0142,add_payment
U0143,visit
U0144,visit
U0145,visit
U0146,visit
U0146,signup
U0147,visit
U0148,visit
U0148,signup
U0149,visit
U0150,visit
U0150,signup
U0150,activate
U0151,visit
U0152,visit
U0152,signup
U0152,activate
U0153,visit
U0154,visit
U0155,visit
U0156,visit
U0157,visit
U0157,signup
U0158,visit
U0159,visit
U0160,visit
U0161,visit
U0161,signup
U0162,visit
U0163,visit
U0164,visit
U0165,visit
U0166,visit
U0166,signup
U0167,visit
U0168,visit
U0168,signup
U0168,activate
U0168,add_payment
U0168,paid
U0169,visit
U0170,visit
U0171,visit
U0171,signup
U0172,visit
U0172,signup
U0173,visit
U0173,signup
U0173,activate
U0174,visit
U0174,signup
U0174,activate
U0174,add_payment
U0175,visit
U0176,visit
U0177,visit
U0178,visit
U0179,visit
U0180,visit
U0180,signup
U0180,activate
U0181,visit
U0181,signup
U0182,visit
U0183,visit
U0184,visit
U0185,visit
U0186,visit
U0186,signup
U0186,activate
U0187,visit
U0188,visit
U0188,signup
U0189,visit
U0190,visit
U0191,visit
U0192,visit
U0192,signup
U0192,activate
U0192,add_payment
U0193,visit
U0193,signup
U0194,visit
U0194,page_view
U0195,visit
U0195,signup
U0196,visit
U0197,visit
U0198,visit
U0199,visit
U0199,signup
U0199,activate
U0199,add_payment
U0200,visit
U0201,visit
U0201,signup
U0201,activate
U0201,add_payment
U0201,paid
U0202,visit
U0203,visit
U0204,visit
U0205,visit
U0205,signup
U0205,activate
U0206,visit
U0207,visit
U0207,signup
U0208,visit
U0208,signup
U0208,activate
U0208,add_payment
U0209,visit
U0209,signup
U0209,activate
U0210,visit
U0210,signup
U0211,visit
U0211,signup
U0211,activate
U0211,add_payment
U0211,paid
U0212,visit
U0213,visit
U0213,signup
U0213,activate
U0213,add_payment
U0213,paid
U0214,visit
U0214,signup
U0214,activate
U0215,visit
U0216,visit
U0217,visit
U0218,visit
U0219,visit
U0220,visit
U0220,signup
U0221,visit
U0222,visit
U0223,visit
U0223,signup
U0223,activate
U0224,visit
U0224,signup
U0225,visit
U0226,visit
U0226,signup
U0226,activate
U0227,visit
U0227,signup
U0227,activate
U0228,visit
U0228,signup
U0229,visit
U0229,signup
U0229,activate
U0230,visit
U0230,signup
U0230,activate
U0231,visit
U0232,visit
U0233,visit
U0233,signup
U0233,activate
U0234,visit
U0235,visit
U0236,visit
U0236,signup
U0236,activate
U0236,add_payment
U0236,paid
U0237,visit
U0238,visit
U0239,visit
U0240,visit
U0240,signup
U0240,add_payment
U0241,visit
U0242,visit
U0243,visit
U0243,signup
U0243,activate
U0244,visit
U0245,visit
U0246,visit
U0246,signup
U0246,activate
U0246,add_payment
U0246,paid
U0247,visit
U0248,visit
U0248,signup
U0249,visit
U0250,visit
U0250,signup
U0250,activate
U0251,visit
U0251,signup
U0251,activate
U0251,add_payment
U0251,paid
U0252,visit
U0252,signup
U0253,visit
U0254,visit
U0255,visit
U0256,visit
U0257,visit
U0257,signup
U0257,activate
U0257,add_payment
U0258,visit
U0259,visit
U0259,signup
U0260,visit
U0261,visit
U0262,visit
U0263,visit
U0263,signup
U0264,visit
U0265,visit
U0266,visit
U0267,visit
U0268,visit
U0268,signup
U0269,visit
U0269,signup
U0269,activate
U0269,add_payment
U0269,paid
U0270,visit
U0270,signup
U0270,activate
U0271,visit
U0271,signup
U0272,visit
U0273,visit
U0273,signup
U0273,activate
U0274,visit
U0275,visit
U0275,signup
U0276,visit
U0277,visit
U0278,visit
U0279,visit
U0280,visit
U0280,signup
U0280,activate
U0281,visit
U0281,signup
U0281,activate
U0281,add_payment
U0281,paid
U0282,visit
U0282,signup
U0282,activate
U0282,add_payment
U0283,visit
U0284,visit
U0285,visit
U0286,visit
U0287,visit
U0288,visit
U0289,visit
U0290,visit
U0290,signup
U0290,activate
U0291,visit
U0291,page_view
U0291,signup
U0292,visit
U0292,signup
U0292,activate
U0292,add_payment
U0292,paid
U0293,visit
U0294,visit
U0294,signup
U0295,visit
U0295,signup
U0295,activate
U0296,visit
U0296,signup
U0296,activate
U0297,visit
U0298,visit
U0298,signup
U0299,visit
U0299,signup
U0299,activate
U0299,add_payment
U0299,paid
U0300,visit
U0300,signup
U0301,visit
U0301,signup
U0302,visit
U0303,visit
U0303,signup
U0304,visit
U0305,visit
U0305,signup
U0306,visit
U0306,signup
U0306,activate
U0307,visit
U0307,signup
U0307,activate
U0308,visit
U0309,visit
U0310,visit
U0311,visit
U0312,visit
U0313,visit
U0313,signup
U0313,activate
U0313,add_payment
U0313,paid
U0314,visit
U0314,signup
U0314,activate
U0314,add_payment
U0314,paid
U0315,visit
U0316,visit
U0316,signup
U0316,activate
U0317,visit
U0317,signup
U0318,visit
U0319,visit
U0320,visit
U0321,visit
U0322,visit
U0322,signup
U0322,activate
U0323,visit
U0324,visit
U0325,visit
U0325,signup
U0325,activate
U0326,visit
U0327,visit
U0328,visit
U0329,visit
U0330,visit
U0330,signup
U0330,activate
U0331,visit
U0332,visit
U0333,visit
U0333,signup
U0333,activate
U0333,add_payment
U0333,paid
U0334,visit
U0335,visit
U0335,signup
U0335,activate
U0335,add_payment
U0335,paid
U0336,visit
U0337,visit
U0338,visit
U0339,visit
U0339,signup
U0339,activate
U0339,add_payment
U0339,paid
U0340,visit
U0341,visit
U0342,visit
U0342,signup
U0342,activate
U0343,visit
U0344,visit
U0345,visit
U0345,signup
U0345,activate
U0345,add_payment
U0346,visit
U0346,signup
U0346,activate
U0347,visit
U0347,signup
U0347,activate
U0348,visit
U0349,visit
U0349,signup
U0349,activate
U0349,add_payment
U0350,visit
U0350,signup
U0350,activate
U0351,visit
U0352,visit
U0353,visit
U0353,signup
U0354,visit
U0354,signup
U0354,activate
U0355,visit
U0355,signup
U0355,activate
U0356,visit
U0357,visit
U0357,signup
U0357,activate
U0357,add_payment
U0358,visit
U0358,signup
U0358,activate
U0359,visit
U0360,visit
U0361,visit
U0362,visit
U0363,visit
U0363,signup
U0364,visit
U0364,signup
U0364,activate
U0364,add_payment
U0365,visit
U0366,visit
U0366,signup
U0366,activate
U0366,add_payment
U0366,paid
U0367,visit
U0367,signup
U0367,activate
U0367,add_payment
U0367,paid
U0368,visit
U0369,visit
U0370,visit
U0371,visit
U0372,visit
U0372,signup
U0373,visit
U0374,visit
U0374,signup
U0374,activate
U0374,add_payment
U0374,paid
U0375,visit
U0376,visit
U0377,visit
U0378,visit
U0379,visit
U0379,signup
U0379,activate
U0380,visit
U0380,signup
U0380,activate
U0381,visit
U0382,visit
U0382,signup
U0382,activate
U0382,add_payment
U0383,visit
U0384,visit
U0384,signup
U0384,activate
U0385,visit
U0386,visit
U0387,visit
U0387,signup
U0387,activate
U0388,visit
U0388,page_view
U0389,visit
U0390,visit
U0391,visit
U0392,visit
U0393,visit
U0394,visit
U0394,signup
U0395,visit
U0396,visit
U0397,visit
U0398,visit
U0399,visit
U0400,visit
U0401,visit
U0402,visit
U0403,visit
U0404,visit
U0405,visit
U0405,signup
U0405,activate
U0405,add_payment
U0406,visit
U0407,visit
U0407,signup
U0407,activate
U0407,add_payment
U0407,paid
U0408,visit
U0408,signup
U0409,visit
U0409,signup
U0409,activate
U0409,add_payment
U0410,visit
U0411,visit
U0411,signup
U0411,activate
U0411,add_payment
U0411,paid
U0412,visit
U0413,visit
U0413,signup
U0413,activate
U0413,add_payment
U0413,paid
U0414,visit
U0414,signup
U0415,visit
U0416,visit
U0416,signup
U0416,activate
U0416,add_payment
U0416,paid
U0417,visit
U0418,visit
U0418,signup
U0418,activate
U0419,visit
U0420,visit
U0420,signup
U0421,visit
U0422,visit
U0422,signup
U0422,activate
U0423,visit
U0424,visit
U0424,signup
U0424,activate
U0425,visit
U0426,visit
U0426,signup
U0426,activate
U0426,add_payment
U0426,paid
U0427,visit
U0428,visit
U0429,visit
U0429,signup
U0429,activate
U0429,add_payment
U0429,paid
U0430,visit
U0431,visit
U0432,visit
U0433,visit
U0433,signup
U0433,activate
U0433,add_payment
U0433,paid
U0434,visit
U0435,visit
U0436,visit
U0437,visit
U0438,visit
U0438,signup
U0438,activate
U0438,add_payment
U0439,visit
U0439,signup
U0440,visit
U0441,visit
U0442,visit
U0442,signup
U0442,activate
U0443,visit
U0443,signup
U0443,activate
U0443,add_payment
U0444,visit
U0445,visit
U0446,visit
U0446,signup
U0447,visit
U0447,signup
U0448,visit
U0448,signup
U0449,visit
U0449,signup
U0449,activate
U0450,visit
U0450,signup
U0451,visit
U0451,signup
U0451,activate
U0451,add_payment
U0451,paid
U0452,visit
U0453,visit
U0454,visit
U0454,signup
U0454,activate
U0454,add_payment
U0454,paid
U0455,visit
U0456,visit
U0457,visit
U0458,visit
U0459,visit
U0459,signup
U0459,activate
U0460,visit
U0460,signup
U0460,activate
U0460,add_payment
U0460,paid
U0461,visit
U0462,visit
U0463,visit
U0463,signup
U0463,activate
U0463,add_payment
U0463,paid
U0464,visit
U0465,visit
U0465,signup
U0465,activate
U0465,add_payment
U0466,visit
U0466,signup
U0466,activate
U0467,visit
U0467,signup
U0468,visit
U0469,visit
U0470,visit
U0470,signup
U0471,visit
U0471,signup
U0471,activate
U0471,add_payment
U0472,visit
U0473,visit
U0473,signup
U0473,activate
U0474,visit
U0475,visit
U0475,signup
U0475,activate
U0475,add_payment
U0475,paid
U0476,visit
U0476,signup
U0476,activate
U0477,visit
U0477,signup
U0477,activate
U0478,visit
U0479,visit
U0480,visit
U0480,signup
U0480,add_payment
U0480,paid
U0481,visit
U0481,signup
U0481,activate
U0482,visit
U0483,visit
U0484,visit
U0485,visit
U0485,page_view
U0485,signup
U0485,activate
U0485,add_payment
U0486,visit
U0486,signup
U0486,activate
U0486,add_payment
U0487,visit
U0488,visit
U0489,visit
U0489,signup
U0490,visit
U0491,visit
U0492,visit
U0492,signup
U0492,activate
U0492,add_payment
U0493,visit
U0494,visit
U0495,visit
U0496,visit
U0497,visit
U0497,signup
U0498,visit
U0499,visit
U0499,signup
U0499,activate
U0499,add_payment
U0499,paid
U0500,visit
U0501,visit
U0501,signup
U0502,visit
U0502,signup
U0502,activate
U0502,add_payment
U0503,visit
U0503,signup
U0504,visit
U0505,visit
U0506,visit
U0507,visit
U0507,signup
U0508,visit
U0509,visit
U0510,visit
U0511,visit
U0511,signup
U0512,visit
U0512,signup
U0513,visit
U0513,signup
U0513,activate
U0514,visit
U0514,signup
U0514,activate
U0514,add_payment
U0514,paid
U0515,visit
U0515,signup
U0516,visit
U0517,visit
U0518,visit
U0518,signup
U0518,activate
U0519,visit
U0519,signup
U0519,activate
U0520,visit
U0520,signup
U0520,add_payment
U0520,paid
U0521,visit
U0521,signup
U0521,activate
U0521,add_payment
U0521,paid
U0522,visit
U0522,signup
U0522,activate
U0522,add_payment
U0523,visit
U0523,signup
U0523,activate
U0523,add_payment
U0524,visit
U0525,visit
U0526,visit
U0526,signup
U0526,activate
U0527,visit
U0528,visit
U0529,visit
U0530,visit
U0531,visit
U0532,visit
U0533,visit
U0533,signup
U0533,activate
U0534,visit
U0535,visit
U0536,visit
U0537,visit
U0537,signup
U0538,visit
U0538,signup
U0538,activate
U0539,visit
U0540,visit
U0541,visit
U0542,visit
U0543,visit
U0543,signup
U0543,activate
U0543,add_payment
U0543,paid
U0544,visit
U0544,signup
U0544,activate
U0544,add_payment
U0544,paid
U0545,visit
U0546,visit
U0547,visit
U0547,signup
U0547,activate
U0547,add_payment
U0547,paid
U0548,visit
U0548,signup
U0549,visit
U0550,visit
U0551,visit
U0552,visit
U0552,signup
U0553,visit
U0553,signup
U0554,visit
U0555,visit
U0556,visit
U0556,signup
U0557,visit
U0557,signup
U0557,activate
U0558,visit
U0558,signup
U0558,activate
U0558,add_payment
U0558,paid
U0559,visit
U0559,signup
U0560,visit
U0561,visit
U0561,signup
U0561,activate
U0562,visit
U0562,signup
U0562,activate
U0563,visit
U0563,signup
U0563,activate
U0564,visit
U0565,visit
U0566,visit
U0566,signup
U0566,activate
U0567,visit
U0568,visit
U0568,signup
U0569,visit
U0569,signup
U0569,activate
U0569,add_payment
U0570,visit
U0571,visit
U0571,signup
U0571,activate
U0571,add_payment
U0572,visit
U0572,signup
U0572,activate
U0573,visit
U0573,signup
U0574,visit
U0575,visit
U0576,visit
U0576,signup
U0576,activate
U0577,visit
U0577,signup
U0577,activate
U0577,add_payment
U0577,paid
U0578,visit
U0579,visit
U0579,signup
U0579,activate
U0579,add_payment
U0580,visit
U0581,visit
U0581,signup
U0581,activate
U0582,visit
U0582,page_view
U0583,visit
U0583,signup
U0583,activate
U0584,visit
U0585,visit
U0585,signup
U0585,activate
U0585,add_payment
U0586,visit
U0586,signup
U0586,activate
U0587,visit
U0587,signup
U0587,activate
U0587,add_payment
U0587,paid
U0588,visit
U0589,visit
U0589,signup
U0589,activate
U0590,visit
U0590,signup
U0590,activate
U0591,visit
U0591,signup
U0592,visit
U0593,visit
U0593,signup
U0593,activate
U0594,visit
U0594,signup
U0595,visit
U0596,visit
U0596,signup
U0596,activate
U0597,visit
U0597,signup
U0597,activate
U0598,visit
U0599,visit
U0600,visit
U0601,visit
U0602,visit
U0603,visit
U0604,visit
U0604,signup
U0605,visit
U0605,signup
U0605,activate
U0605,add_payment
U0605,paid
U0606,visit
U0607,visit
U0608,visit
U0609,visit
U0609,signup
U0609,activate
U0609,add_payment
U0609,paid
U0610,visit
U0611,visit
U0611,signup
U0611,activate
U0612,visit
U0613,visit
U0614,visit
U0614,signup
U0614,activate
U0614,add_payment
U0614,paid
U0615,visit
U0615,signup
U0615,activate
U0615,add_payment
U0616,visit
U0616,signup
U0617,visit
U0618,visit
U0619,visit
U0620,visit
U0620,signup
U0620,activate
U0620,add_payment
U0620,paid
U0621,visit
U0621,signup
U0621,activate
U0622,visit
U0622,signup
U0622,activate
U0622,add_payment
U0623,visit
U0623,signup
U0623,activate
U0623,add_payment
U0624,visit
U0625,visit
U0626,visit
U0626,signup
U0626,activate
U0626,add_payment
U0626,paid
U0627,visit
U0628,visit
U0628,signup
U0628,activate
U0629,visit
U0630,visit
U0630,signup
U0630,activate
U0631,visit
U0631,signup
U0631,activate
U0632,visit
U0632,signup
U0632,activate
U0632,add_payment
U0632,paid
U0633,visit
U0633,signup
U0633,activate
U0634,visit
U0635,visit
U0636,visit
U0636,signup
U0636,activate
U0637,visit
U0637,signup
U0637,activate
U0638,visit
U0638,signup
U0638,activate
U0639,visit
U0640,visit
U0640,signup
U0640,activate
U0641,visit
U0641,signup
U0641,activate
U0642,visit
U0643,visit
U0644,visit
U0645,visit
U0646,visit
U0646,signup
U0647,visit
U0647,signup
U0648,visit
U0648,signup
U0648,activate
U0648,add_payment
U0648,paid
U0649,visit
U0649,signup
U0649,activate
U0649,add_payment
U0649,paid
U0650,visit
U0650,signup
U0650,activate
U0651,visit
U0652,visit
U0653,visit
U0653,signup
U0653,activate
U0653,add_payment
U0654,visit
U0654,signup
U0654,activate
U0654,add_payment
U0654,paid
U0655,visit
U0655,signup
U0655,activate
U0656,visit
U0657,visit
U0657,signup
U0657,activate
U0657,add_payment
U0658,visit
U0658,signup
U0659,visit
U0660,visit
U0661,visit
U0661,signup
U0661,activate
U0661,add_payment
U0661,paid
U0662,visit
U0663,visit
U0663,signup
U0664,visit
U0665,visit
U0665,signup
U0665,activate
U0665,add_payment
U0665,paid
U0666,visit
U0666,signup
U0666,activate
U0666,add_payment
U0666,paid
U0667,visit
U0667,signup
U0667,activate
U0667,add_payment
U0668,visit
U0668,signup
U0669,visit
U0670,visit
U0670,signup
U0670,activate
U0670,add_payment
U0671,visit
U0671,signup
U0671,activate
U0672,visit
U0672,signup
U0672,activate
U0672,add_payment
U0672,paid
U0673,visit
U0673,signup
U0673,activate
U0674,visit
U0675,visit
U0676,visit
U0677,visit
U0677,signup
U0677,activate
U0678,visit
U0678,signup
U0678,activate
U0679,visit
U0679,page_view
U0680,visit
U0681,visit
U0681,signup
U0681,activate
U0681,add_payment
U0681,paid
U0682,visit
U0682,signup
U0682,activate
U0682,add_payment
U0682,paid
U0683,visit
U0684,visit
U0684,signup
U0684,activate
U0684,add_payment
U0684,paid
U0685,visit
U0685,signup
U0685,activate
U0685,add_payment
U0685,paid
U0686,visit
U0686,signup
U0686,activate
U0686,add_payment
U0686,paid
U0687,visit
U0688,visit
U0689,visit
U0690,visit
U0690,signup
U0690,activate
U0690,add_payment
U0690,paid
U0691,visit
U0691,signup
U0691,activate
U0691,add_payment
U0691,paid
U0692,visit
U0693,visit
U0693,signup
U0693,activate
U0693,add_payment
U0693,paid
U0694,visit
U0695,visit
U0696,visit
U0696,signup
U0696,activate
U0696,add_payment
U0696,paid
U0697,visit
U0698,visit
U0699,visit
U0699,signup
U0699,activate
U0700,visit
U0701,visit
U0702,visit
U0703,visit
U0703,signup
U0703,activate
U0703,add_payment
U0704,visit
U0705,visit
U0705,signup
U0706,visit
U0706,signup
U0706,activate
U0706,add_payment
U0706,paid
U0707,visit
U0707,signup
U0708,visit
U0708,signup
U0708,activate
U0708,add_payment
U0709,visit
U0709,signup
U0709,activate
U0710,visit
U0710,signup
U0710,activate
U0710,add_payment
U0711,visit
U0712,visit
U0713,visit
U0714,visit
U0715,visit
U0716,visit
U0716,signup
U0716,activate
U0717,visit
U0717,signup
U0718,visit
U0719,visit
U0720,visit
U0721,visit
U0722,visit
U0722,signup
U0722,activate
U0722,add_payment
U0722,paid
U0723,visit
U0723,signup
U0723,activate
U0724,visit
U0725,visit
U0725,signup
U0725,activate
U0725,add_payment
U0725,paid
U0726,visit
U0727,visit
U0727,signup
U0727,activate
U0727,add_payment
U0727,paid
U0728,visit
U0729,visit
U0729,signup
U0729,activate
U0730,visit
U0731,visit
U0731,signup
U0732,visit
U0733,visit
U0733,signup
U0733,activate
U0733,add_payment
U0734,visit
U0734,signup
U0735,visit
U0735,signup
U0736,visit
U0736,signup
U0736,activate
U0737,visit
U0738,visit
U0739,visit
U0740,visit
U0740,signup
U0741,visit
U0742,visit
U0743,visit
U0744,visit
U0744,signup
U0744,activate
U0745,visit
U0745,signup
U0745,activate
U0745,add_payment
U0745,paid
U0746,visit
U0747,visit
U0748,visit
U0748,signup
U0748,activate
U0748,add_payment
U0749,visit
U0749,signup
U0750,visit
U0751,visit
U0751,signup
U0752,visit
U0752,signup
U0752,activate
U0752,add_payment
U0753,visit
U0754,visit
U0754,signup
U0754,activate
U0754,add_payment
U0754,paid
U0755,visit
U0756,visit
U0756,signup
U0756,activate
U0757,visit
U0758,visit
U0758,signup
U0758,activate
U0759,visit
U0760,visit
U0761,visit
U0761,signup
U0761,activate
U0762,visit
U0763,visit
U0763,signup
U0763,activate
U0763,add_payment
U0764,visit
U0764,signup
U0764,activate
U0764,add_payment
U0764,paid
U0765,visit
U0765,signup
U0765,activate
U0765,add_payment
U0766,visit
U0766,signup
U0766,activate
U0766,add_payment
U0766,paid
U0767,visit
U0767,signup
U0767,activate
U0767,add_payment
U0768,visit
U0768,signup
U0768,activate
U0768,add_payment
U0768,paid
U0769,visit
U0770,visit
U0770,signup
U0771,visit
U0772,visit
U0772,signup
U0773,visit
U0773,signup
U0773,activate
U0774,visit
U0775,visit
U0776,visit
U0776,page_view
U0776,signup
U0777,visit
U0778,visit
U0779,visit
U0779,signup
U0780,visit
U0781,visit
U0781,signup
U0781,activate
U0781,add_payment
U0781,paid
U0782,visit
U0782,signup
U0782,activate
U0783,visit
U0783,signup
U0783,activate
U0783,add_payment
U0783,paid
U0784,visit
U0785,visit
U0785,signup
U0785,activate
U0786,visit
U0787,visit
U0788,visit
U0788,signup
U0789,visit
U0790,visit
U0791,visit
U0792,visit
U0792,signup
U0793,visit
U0793,signup
U0794,visit
U0794,signup
U0795,visit
U0795,signup
U0795,activate
U0795,add_payment
U0795,paid
U0796,visit
U0796,signup
U0796,activate
U0797,visit
U0797,signup
U0797,activate
U0797,add_payment
U0797,paid
U0798,visit
U0799,visit
U0799,signup
U0799,activate
U0799,add_payment
U0800,visit
U0800,signup
U0801,visit
U0802,visit
U0803,visit
U0803,signup
U0803,activate
U0803,add_payment
U0803,paid
U0804,visit
U0804,signup
U0804,activate
U0804,add_payment
U0804,paid
U0805,visit
U0805,signup
U0805,activate
U0806,visit
U0806,signup
U0807,visit
U0807,signup
U0808,visit
U0808,signup
U0809,visit
U0809,signup
U0810,visit
U0810,signup
U0810,activate
U0811,visit
U0811,signup
U0811,activate
U0812,visit
U0813,visit
U0813,signup
U0813,activate
U0813,add_payment
U0814,visit
U0814,signup
U0814,activate
U0814,add_payment
U0815,visit
U0815,signup
U0815,activate
U0816,visit
U0817,visit
U0818,visit
U0819,visit
U0820,visit
U0820,signup
U0821,visit
U0822,visit
U0822,signup
U0822,activate
U0822,add_payment
U0822,paid
U0823,visit
U0823,signup
U0823,activate
U0824,visit
U0825,visit
U0825,signup
U0825,activate
U0825,add_payment
U0825,paid
U0826,visit
U0827,visit
U0828,visit
U0828,signup
U0828,activate
U0829,visit
U0830,visit
U0830,signup
U0831,visit
U0832,visit
U0832,signup
U0833,visit
U0833,signup
U0834,visit
U0835,visit
U0835,signup
U0836,visit
U0837,visit
U0838,visit
U0839,visit
U0840,visit
U0841,visit
U0842,visit
U0842,signup
U0843,visit
U0844,visit
U0844,signup
U0845,visit
U0845,signup
U0845,activate
U0846,visit
U0846,signup
U0846,activate
U0847,visit
U0847,signup
U0847,activate
U0848,visit
U0849,visit
U0849,signup
U0850,visit
U0851,visit
U0852,visit
U0853,visit
U0854,visit
U0855,visit
U0855,signup
U0855,activate
U0855,add_payment
U0855,paid
U0856,visit
U0856,signup
U0857,visit
U0858,visit
U0858,signup
U0858,activate
U0858,add_payment
U0859,visit
U0860,visit
U0861,visit
U0861,signup
U0862,visit
U0862,signup
U0862,activate
U0863,visit
U0864,visit
U0864,signup
U0864,activate
U0864,add_payment
U0864,paid
U0865,visit
U0865,signup
U0865,activate
U0866,visit
U0866,signup
U0866,activate
U0867,visit
U0867,signup
U0867,activate
U0868,visit
U0869,visit
U0869,signup
U0869,activate
U0870,visit
U0871,visit
U0871,signup
U0871,activate
U0872,visit
U0873,visit
U0873,page_view
U0874,visit
U0874,signup
U0874,activate
U0874,add_payment
U0874,paid
U0875,visit
U0876,visit
U0876,signup
U0877,visit
U0877,signup
U0877,activate
U0877,add_payment
U0878,visit
U0878,signup
U0879,visit
U0879,signup
U0879,activate
U0879,add_payment
U0880,visit
U0880,signup
U0881,visit
U0882,visit
U0882,signup
U0883,visit
U0883,signup
U0884,visit
U0885,visit
U0885,signup
U0885,activate
U0885,add_payment
U0885,paid
U0886,visit
U0886,signup
U0887,visit
U0887,signup
U0887,activate
U0888,visit
U0888,signup
U0888,activate
U0888,add_payment
U0889,visit
U0889,signup
U0889,activate
U0889,add_payment
U0890,visit
U0891,visit
U0892,visit
U0893,visit
U0893,signup
U0894,visit
U0894,signup
U0894,activate
U0894,add_payment
U0895,visit
U0896,visit
U0896,signup
U0897,visit
U0898,visit
U0898,signup
U0898,activate
U0898,add_payment
U0898,paid
U0899,visit
U0900,visit
U0900,signup
U0900,activate
U0901,visit
U0902,visit
U0903,visit
U0904,visit
U0904,signup
U0905,visit
U0906,visit
U0907,visit
U0908,visit
U0908,signup
U0908,activate
U0908,add_payment
U0909,visit
U0909,signup
U0910,visit
U0910,signup
U0910,activate
U0910,add_payment
U0910,paid
U0911,visit
U0912,visit
U0912,signup
U0912,activate
U0913,visit
U0914,visit
U0915,visit
U0915,signup
U0916,visit
U0917,visit
U0918,visit
U0918,signup
U0918,activate
U0918,add_payment
U0919,visit
U0920,visit
U0921,visit
U0921,signup
U0921,activate
U0922,visit
U0923,visit
U0923,signup
U0924,visit
U0924,signup
U0924,activate
U0924,add_payment
U0924,paid
U0925,visit
U0925,signup
U0925,activate
U0925,add_payment
U0925,paid
U0926,visit
U0927,visit
U0927,signup
U0927,activate
U0927,add_payment
U0927,paid
U0928,visit
U0928,signup
U0928,activate
U0928,add_payment
U0929,visit
U0929,signup
U0930,visit
U0930,signup
U0931,visit
U0932,visit
U0932,signup
U0932,activate
U0933,visit
U0934,visit
U0934,signup
U0934,activate
U0934,add_payment
U0935,visit
U0936,visit
U0937,visit
U0937,signup
U0937,activate
U0937,add_payment
U0937,paid
U0938,visit
U0938,signup
U0939,visit
U0940,visit
U0941,visit
U0941,signup
U0941,activate
U0941,add_payment
U0941,paid
U0942,visit
U0942,signup
U0943,visit
U0943,signup
U0943,activate
U0944,visit
U0945,visit
U0946,visit
U0947,visit
U0948,visit
U0949,visit
U0949,signup
U0949,activate
U0950,visit
U0950,signup
U0950,activate
U0950,add_payment
U0950,paid
U0951,visit
U0951,signup
U0951,activate
U0951,add_payment
U0951,paid
U0952,visit
U0953,visit
U0953,signup
U0953,activate
U0954,visit
U0954,signup
U0954,activate
U0954,add_payment
U0954,paid
U0955,visit
U0955,signup
U0955,activate
U0955,add_payment
U0956,visit
U0957,visit
U0957,signup
U0957,activate
U0958,visit
U0958,signup
U0958,activate
U0959,visit
U0959,signup
U0959,activate
U0959,add_payment
U0959,paid
U0960,visit
U0961,visit
U0962,visit
U0962,signup
U0962,activate
U0962,add_payment
U0963,visit
U0963,signup
U0963,activate
U0963,add_payment
U0963,paid
U0964,visit
U0965,visit
U0965,signup
U0966,visit
U0966,signup
U0966,activate
U0967,visit
U0967,signup
U0968,visit
U0969,visit
U0969,signup
U0969,activate
U0970,visit
U0970,page_view
U0971,visit
U0972,visit
U0972,signup
U0973,visit
U0973,signup
U0973,activate
U0974,visit
U0975,visit
U0976,visit
U0976,signup
U0977,visit
U0978,visit
U0979,visit
U0979,signup
U0980,visit
U0980,signup
U0980,activate
U0981,visit
U0982,visit
U0982,signup
U0983,visit
U0983,signup
U0984,visit
U0984,signup
U0984,activate
U0984,add_payment
U0984,paid
U0985,visit
U0985,signup
U0986,visit
U0986,signup
U0986,activate
U0987,visit
U0988,visit
U0989,visit
U0989,signup
U0989,activate
U0989,add_payment
U0990,visit
U0991,visit
U0992,visit
U0992,signup
U0992,activate
U0993,visit
U0994,visit
U0994,signup
U0995,visit
U0996,visit
U0996,signup
U0996,activate
U0996,add_payment
U0997,visit
U0998,visit
U0999,visit
U1000,visit
U1000,signup
U1001,visit
U1001,signup
U1002,visit
U1002,signup
U1002,activate
U1002,add_payment
U1002,paid
U1003,visit
U1003,signup
U1003,activate
U1004,visit
U1005,visit
U1005,signup
U1005,activate
U1006,visit
U1006,signup
U1006,activate
U1006,add_payment
U1007,visit
U1007,signup
U1007,activate
U1007,add_payment
U1007,paid
U1008,visit
U1009,visit
U1010,visit
U1010,signup
U1010,activate
U1011,visit
U1011,signup
U1012,visit
U1012,signup
U1012,activate
U1013,visit
U1014,visit
U1015,visit
U1015,signup
U1015,activate
U1015,add_payment
U1016,visit
U1016,signup
U1016,activate
U1017,visit
U1017,signup
U1017,activate
U1018,visit
U1019,visit
U1019,signup
U1019,activate
U1020,visit
U1021,visit
U1022,visit
U1022,signup
U1023,visit
U1023,signup
U1023,activate
U1024,visit
U1025,visit
U1025,signup
U1026,visit
U1027,visit
U1028,visit
U1029,visit
U1030,visit
U1030,signup
U1031,visit
U1032,visit
U1032,signup
U1033,visit
U1034,visit
U1034,signup
U1034,activate
U1034,add_payment
U1034,paid
U1035,visit
U1035,signup
U1035,activate
U1035,add_payment
U1035,paid
U1036,visit
U1037,visit
U1037,signup
U1037,activate
U1037,add_payment
U1037,paid
U1038,visit
U1039,visit
U1039,signup
U1040,visit
U1041,visit
U1042,visit
U1043,visit
U1044,visit
U1045,visit
U1046,visit
U1047,visit
U1048,visit
U1048,signup
U1048,activate
U1049,visit
U1049,signup
U1050,visit
U1050,signup
U1050,activate
U1050,add_payment
U1051,visit
U1052,visit
U1053,visit
U1054,visit
U1054,signup
U1054,activate
U1055,visit
U1055,signup
U1056,visit
U1057,visit
U1057,signup
U1058,visit
U1058,signup
U1058,activate
U1058,add_payment
U1059,visit
U1059,signup
U1060,visit
U1060,signup
U1060,activate
U1060,add_payment
U1060,paid
U1061,visit
U1062,visit
U1063,visit
U1064,visit
U1065,visit
U1066,visit
U1067,visit
U1067,page_view
U1067,signup
U1067,activate
U1067,add_payment
U1067,paid
U1068,visit
U1068,signup
U1068,activate
U1068,add_payment
U1069,visit
U1069,signup
U1069,activate
U1069,add_payment
U1069,paid
U1070,visit
U1071,visit
U1072,visit
U1073,visit
U1073,signup
U1073,activate
U1073,add_payment
U1074,visit
U1075,visit
U1076,visit
U1077,visit
U1078,visit
U1079,visit
U1080,visit
U1080,signup
U1080,activate
U1081,visit
U1082,visit
U1083,visit
U1084,visit
U1085,visit
U1085,signup
U1085,activate
U1086,visit
U1086,signup
U1086,activate
U1087,visit
U1088,visit
U1088,signup
U1088,activate
U1089,visit
U1090,visit
U1091,visit
U1092,visit
U1093,visit
U1094,visit
U1094,signup
U1094,activate
U1095,visit
U1096,visit
U1097,visit
U1097,signup
U1097,activate
U1097,add_payment
U1097,paid
U1098,visit
U1099,visit
U1099,signup
U1099,activate
U1100,visit
U1100,signup
U1100,activate
U1100,add_payment
U1100,paid
U1101,visit
U1102,visit
U1102,signup
U1102,activate
U1102,add_payment
U1102,paid
U1103,visit
U1104,visit
U1104,signup
U1104,activate
U1105,visit
U1105,signup
U1105,activate
U1105,add_payment
U1106,visit
U1106,signup
U1106,activate
U1106,add_payment
U1106,paid
U1107,visit
U1108,visit
U1109,visit
U1110,visit
U1111,visit
U1111,signup
U1112,visit
U1112,signup
U1112,activate
U1112,add_payment
U1113,visit
U1113,signup
U1113,activate
U1114,visit
U1115,visit
U1115,signup
U1115,activate
U1116,visit
U1117,visit
U1117,signup
U1118,visit
U1118,signup
U1118,activate
U1119,visit
U1120,visit
U1121,visit
U1122,visit
U1122,signup
U1122,activate
U1122,add_payment
U1122,paid
U1123,visit
U1124,visit
U1124,signup
U1124,activate
U1125,visit
U1126,visit
U1127,visit
U1127,signup
U1128,visit
U1128,signup
U1129,visit
U1130,visit
U1130,signup
U1130,activate
U1131,visit
U1132,visit
U1133,visit
U1134,visit
U1134,signup
U1134,activate
U1134,add_payment
U1134,paid
U1135,visit
U1136,visit
U1136,signup
U1136,activate
U1136,add_payment
U1136,paid
U1137,visit
U1137,signup
U1137,activate
U1137,add_payment
U1137,paid
U1138,visit
U1139,visit
U1140,visit
U1141,visit
U1142,visit
U1143,visit
U1143,signup
U1143,activate
U1143,add_payment
U1143,paid
U1144,visit
U1145,visit
U1146,visit
U1147,visit
U1147,signup
U1147,activate
U1148,visit
U1148,signup
U1149,visit
U1150,visit
U1150,signup
U1150,activate
U1151,visit
U1152,visit
U1152,signup
U1153,visit
U1154,visit
U1154,signup
U1155,visit
U1155,signup
U1155,activate
U1155,add_payment
U1155,paid
U1156,visit
U1157,visit
U1157,signup
U1157,activate
U1157,add_payment
U1158,visit
U1159,visit
U1160,visit
U1161,visit
U1161,signup
U1161,activate
U1161,add_payment
U1161,paid
U1162,visit
U1162,signup
U1162,activate
U1162,add_payment
U1162,paid
U1163,visit
U1164,visit
U1164,page_view
U1164,signup
U1164,activate
U1165,visit
U1166,visit
U1166,signup
U1166,activate
U1166,add_payment
U1166,paid
U1167,visit
U1168,visit
U1168,signup
U1169,visit
U1170,visit
U1171,visit
U1171,signup
U1171,activate
U1172,visit
U1172,signup
U1172,activate
U1173,visit
U1173,signup
U1173,activate
U1173,add_payment
U1174,visit
U1174,signup
U1174,activate
U1175,visit
U1175,signup
U1175,activate
U1175,add_payment
U1176,visit
U1177,visit
U1177,signup
U1177,activate
U1177,add_payment
U1177,paid
U1178,visit
U1179,visit
U1180,visit
U1181,visit
U1181,signup
U1181,activate
U1181,add_payment
U1182,visit
U1183,visit
U1183,signup
U1183,activate
U1183,add_payment
U1184,visit
U1184,signup
U1185,visit
U1186,visit
U1186,signup
U1187,visit
U1188,visit
U1188,signup
U1188,activate
U1189,visit
U1190,visit
U1191,visit
U1191,signup
U1192,visit
U1193,visit
U1193,signup
U1193,activate
U1193,add_payment
U1194,visit
U1195,visit
U1196,visit
U1197,visit
U1198,visit
U1199,visit
U1200,visit
