# Illustrative: invented replies for a made-up product, not real survey data.
score,segment
9,Starter
0,Starter
8,Pro
1,Starter
7,Pro
7,Starter
9,Pro
7,Pro
9,Pro
10,Starter
10,Pro
4,Starter
10,Starter
7,Pro
8,Pro
9,Starter
8,Starter
8,Starter
7,Starter
7,Starter
10,Starter
10,Starter
8,Pro
7,Pro
7,Starter
8,Pro
8,Starter
10,Pro
7,Pro
7,Starter
10,Pro
9,Starter
3,Starter
10,Starter
10,Starter
9,Starter
10,Pro
10,Starter
7,Pro
9,Pro
7,Pro
10,Pro
10,Starter
0,Starter
9,Pro
4,Starter
10,Pro
9,Starter
0,Pro
10,Pro
6,Starter
8,Pro
7,Pro
9,Pro
9,Pro
8,Starter
7,Pro
10,Starter
8,Starter
4,Starter
7,Starter
3,Starter
7,Starter
9,Pro
10,Pro
2,Starter
3,Starter
7,Pro
9,Starter
3,Starter
8,Starter
9,Pro
8,Starter
8,Pro
7,Starter
9,Starter
7,Pro
9,Pro
9,Pro
6,Pro
9,Pro
2,Starter
6,Pro
9,Pro
9,Starter
9,Pro
7,Starter
10,Pro
1,Starter
10,Starter
8,Pro
8,Pro
8,Starter
10,Pro
7,Pro
10,Pro
1,Pro
7,Starter
10,Pro
10,Pro
8,Starter
4,Pro
9,Starter
9,Starter
8,Pro
9,Pro
4,Starter
9,Pro
0,Starter
0,Pro
7,Pro
8,Starter
9,Starter
9,Pro
10,Starter
9,Starter
4,Pro
9,Starter
9,Pro
10,Starter
8,Starter
7,Pro
9,Pro
7,Pro
8,Starter
1,Starter
9,Pro
0,Starter
6,Pro
10,Starter
9,Pro
10,Starter
10,Starter
9,Starter
7,Pro
6,Starter
10,Starter
7,Starter
0,Starter
7,Pro
8,Starter
8,Starter
8,Starter
10,Starter
8,Pro
8,Starter
7,Starter
9,Pro
8,Starter
8,Starter
9,Pro
7,Starter
10,Pro
3,Pro
6,Pro
7,Starter
10,Pro
7,Starter
7,Starter
7,Pro
6,Starter
7,Starter
7,Pro
0,Starter
3,Pro
7,Starter
8,Starter
5,Starter
7,Starter
5,Starter
7,Starter
5,Starter
9,Starter
9,Starter
1,Starter
1,Starter
8,Starter
7,Pro
4,Starter
7,Pro
5,Pro
3,Starter
10,Pro
10,Starter
0,Starter
8,Starter
9,Starter
8,Starter
5,Pro
5,Starter
4,Starter
7,Starter
3,Starter
10,Starter
10,Starter
8,Starter
9,Pro
9,Pro
2,Pro
3,Starter
4,Starter
1,Starter
10,Starter
8,Pro
8,Starter
1,Pro
7,Starter
9,Pro
7,Pro
5,Pro
